id	abbreviation	name	formula	mass	source	inchikey	charge	is_core	is_obsolete	linked_compound	is_cofactor	deltag	deltagerr	pka	pkb	abstract_compound	comprised_of	aliases	smiles	notes
cpd43000	[(1->2)-beta-D-glucosyl](n+1)	[(1->2)-beta-D-glucosyl](n+1)	C6H12O6	10000000	Primary Database	WQZGKKKJIJFFOK-VFUOTHLCSA-N	0	0	0	null	0	10000000.0	10000000.0			null	null	Name: [(1->2)-beta-D-glucosyl](n+1)	OC[C@H]1O[C@@H](O)[C@H](O)[C@@H](O)[C@@H]1O	
cpd43001	a prenal	a prenal	C10H16O	10000000	Primary Database	WTEVQBCEXWBHNA-UHFFFAOYSA-N	0	0	0	null	0	10000000.0	10000000.0			null	null	Name: a prenal	CC(C)=CCCC(C)=CC=O	
cpd43002	an S-prenyl-L-cysteine	an S-prenyl-L-cysteine	C13H23NO2S	10000000	Primary Database	OEMZZJFEMJBCHD-LBPRGKRZSA-N	0	0	0	null	0	10000000.0	10000000.0			null	null	Name: an S-prenyl-L-cysteine	CC(C)=CCCC(C)=CCSC[C@H](N)C(=O)O	
cpd43003	[L-4-(L-arginin-2-N-yl)aspartate](n)	[L-4-(L-arginin-2-N-yl)aspartate](n)	C30H53N15O13	10000000	Primary Database	SHZNCSVWZLZUED-QQCJEOGWSA-N	0	0	0	null	0	10000000.0	10000000.0			null	null	Name: [L-4-(L-arginin-2-N-yl)aspartate](n)	N=C(N)NCCC[C@H](NC(=O)C[C@H](N)C(=O)N[C@@H](CC(=O)N[C@@H](CCCNC(=N)N)C(=O)O)C(=O)N[C@@H](CC(=O)N[C@@H](CCCNC(=N)N)C(=O)O)C(=O)O)C(=O)O	
cpd43004	[L-4-(L-arginin-2-N-yl)aspartate](n+1)	[L-4-(L-arginin-2-N-yl)aspartate](n+1)	C30H53N15O13	10000000	Primary Database	SHZNCSVWZLZUED-QQCJEOGWSA-N	0	0	0	null	0	10000000.0	10000000.0			null	null	Name: [L-4-(L-arginin-2-N-yl)aspartate](n+1)	N=C(N)NCCC[C@H](NC(=O)C[C@H](N)C(=O)N[C@@H](CC(=O)N[C@@H](CCCNC(=N)N)C(=O)O)C(=O)N[C@@H](CC(=O)N[C@@H](CCCNC(=N)N)C(=O)O)C(=O)O)C(=O)O	
cpd43005	[L-4-(L-arginin-2-N-yl)aspartate](n)-L-aspartate	[L-4-(L-arginin-2-N-yl)aspartate](n)-L-aspartate	C34H58N16O16	10000000	Primary Database	XGIYQBSRCUVADZ-RBZZARIASA-N	0	0	0	null	0	10000000.0	10000000.0			null	null	Name: [L-4-(L-arginin-2-N-yl)aspartate](n)-L-aspartate	N=C(N)NCCC[C@H](NC(=O)C[C@H](N)C(=O)N[C@@H](CC(=O)N[C@@H](CCCNC(=N)N)C(=O)O)C(=O)N[C@@H](CC(=O)N[C@@H](CCCNC(=N)N)C(=O)O)C(=O)N[C@@H](CC(=O)O)C(=O)O)C(=O)O	
cpd43006	[L-4-(L-arginin-2-N-yl)aspartate](n-1)	[L-4-(L-arginin-2-N-yl)aspartate](n-1)	C30H53N15O13	10000000	Primary Database	SHZNCSVWZLZUED-QQCJEOGWSA-N	0	0	0	null	0	10000000.0	10000000.0			null	null	Name: [L-4-(L-arginin-2-N-yl)aspartate](n-1)	N=C(N)NCCC[C@H](NC(=O)C[C@H](N)C(=O)N[C@@H](CC(=O)N[C@@H](CCCNC(=N)N)C(=O)O)C(=O)N[C@@H](CC(=O)N[C@@H](CCCNC(=N)N)C(=O)O)C(=O)O)C(=O)O	
cpd43007	chondroitin 4',6'-bissulfate	chondroitin 4',6'-bissulfate	C14H23NO18S2	10000000	Primary Database	YMRGBHXQASMOMH-MMPMEFKSSA-N	0	0	0	null	0	10000000.0	10000000.0			null	null	Name: chondroitin 4',6'-bissulfate	CC(=O)N[C@H]1[C@H](O)O[C@H](COS(=O)(=O)O)[C@H](OS(=O)(=O)O)[C@@H]1O[C@@H]1O[C@H](C(=O)O)[C@@H](O)[C@H](O)[C@H]1O	
cpd43008	dermatan 4',6'-bissulfate	dermatan 4',6'-bissulfate	C14H23NO18S2	10000000	Primary Database	YMRGBHXQASMOMH-FWMKGIEWSA-N	0	0	0	null	0	10000000.0	10000000.0			null	null	Name: dermatan 4',6'-bissulfate	CC(=O)N[C@H]1[C@H](O)O[C@H](COS(=O)(=O)O)[C@H](OS(=O)(=O)O)[C@@H]1O[C@@H]1O[C@@H](C(=O)O)[C@@H](O)[C@H](O)[C@H]1O	
cpd43009	[4)-beta-D-GlcA-(1->4)-2-O-Ac-beta-D-GlcA-(1->4)-beta-D-Glc-(1->4)-[3-O-(CH3CH(OH)CH2C(O))-(R)-4,6-CH3(COO(-))C-beta-D-Gal-(1->3)-beta-D-Glc-(1->4)-beta-D-Glc-(1->4)-beta-D-Glc-(1->6)]-2-O-Ac-alpha-DGlc-(1->](n)	[4)-beta-D-GlcA-(1->4)-2-O-Ac-beta-D-GlcA-(1->4)-beta-D-Glc-(1->4)-[3-O-(CH3CH(OH)CH2C(O))-(R)-4,6-CH3(COO(-))C-beta-D-Gal-(1->3)-beta-D-Glc-(1->4)-beta-D-Glc-(1->4)-beta-D-Glc-(1->6)]-2-O-Ac-alpha-DGlc-(1->](n)	C59H90O49	10000000	Primary Database	QFIXNMXRCCTKLZ-IEGWRHROSA-N	0	0	0	null	0	10000000.0	10000000.0			null	null	Name: [4)-beta-D-GlcA-(1->4)-2-O-Ac-beta-D-GlcA-(1->4)-beta-D-Glc-(1->4)-[3-O-(CH3CH(OH)CH2C(O))-(R)-4,6-CH3(COO(-))C-beta-D-Gal-(1->3)-beta-D-Glc-(1->4)-beta-D-Glc-(1->4)-beta-D-Glc-(1->6)]-2-O-Ac-alpha-DGlc-(1->](n)	CC(=O)O[C@H]1[C@@H](O)O[C@H](CO[C@@H]2O[C@H](CO)[C@@H](O[C@@H]3O[C@H](CO)[C@@H](O[C@@H]4O[C@H](CO)[C@@H](O)[C@H](O[C@@H]5O[C@@H]6CO[C@@](C)(C(=O)O)O[C@@H]6[C@H](OC(=O)CC(C)O)[C@H]5O)[C@H]4O)[C@H](O)[C@H]3O)[C@H](O)[C@H]2O)[C@@H](O[C@@H]2O[C@H](CO)[C@@H](O[C@@H]3O[C@H](C(=O)O)[C@@H](O[C@@H]4O[C@H](C(=O)O)[C@@H](O)[C@H](O)[C@H]4O)[C@H](O)[C@H]3OC(C)=O)[C@H](O)[C@H]2O)[C@@H]1O	
cpd43010	[alpha-D-Man-(1->3)-alpha-D-Man-(1->3)-alpha-D-Man-(1->2)-alpha-D-Man-(1->2)](n)-alpha-D-Man-(1->3)-alpha-D-Man-(1->3)-alpha-D-Man-(1->3)-alpha-D-GlcNAc-di-trans,octa-cis-undecaprenyl diphosphate	[alpha-D-Man-(1->3)-alpha-D-Man-(1->3)-alpha-D-Man-(1->2)-alpha-D-Man-(1->2)](n)-alpha-D-Man-(1->3)-alpha-D-Man-(1->3)-alpha-D-Man-(1->3)-alpha-D-GlcNAc-di-trans,octa-cis-undecaprenyl diphosphate	C105H175NO47P2	10000000	Primary Database	PEKCGWVETOEGDP-CRKUVJCCSA-N	0	0	0	null	0	10000000.0	10000000.0			null	null	Name: [alpha-D-Man-(1->3)-alpha-D-Man-(1->3)-alpha-D-Man-(1->2)-alpha-D-Man-(1->2)](n)-alpha-D-Man-(1->3)-alpha-D-Man-(1->3)-alpha-D-Man-(1->3)-alpha-D-GlcNAc-di-trans,octa-cis-undecaprenyl diphosphate	CC(=O)N[C@H]1[C@@H](OP(=O)(O)OP(=O)(O)OCC=C(C)CCC=C(C)CCC=C(C)CCC=C(C)CCC=C(C)CCC=C(C)CCC=C(C)CCC=C(C)CCC=C(C)CCC=C(C)CCC=C(C)C)O[C@H](CO)[C@@H](O)[C@@H]1O[C@H]1O[C@H](CO)[C@@H](O)[C@H](O[C@H]2O[C@H](CO)[C@@H](O)[C@H](O[C@H]3O[C@H](CO)[C@@H](O)[C@H](O)[C@@H]3O[C@H]3O[C@H](CO)[C@@H](O)[C@H](O)[C@@H]3O[C@H]3O[C@H](CO)[C@@H](O)[C@H](O[C@H]4O[C@H](CO)[C@@H](O)[C@H](O[C@H]5O[C@H](CO)[C@@H](O)[C@H](O)[C@@H]5O)[C@@H]4O)[C@@H]3O)[C@@H]2O)[C@@H]1O	
cpd43011	[alpha-D-Man-(1->3)-alpha-D-Man-(1->3)-alpha-D-Man-(1->2)-alpha-D-Man-(1->2)](n+1)-alpha-D-Man-(1->3)-alpha-D-Man-(1->3)-alpha-D-Man-(1->3)-alpha-D-GlcNAc-di-trans,octa-cis-undecaprenyl diphosphate	[alpha-D-Man-(1->3)-alpha-D-Man-(1->3)-alpha-D-Man-(1->2)-alpha-D-Man-(1->2)](n+1)-alpha-D-Man-(1->3)-alpha-D-Man-(1->3)-alpha-D-Man-(1->3)-alpha-D-GlcNAc-di-trans,octa-cis-undecaprenyl diphosphate	C105H175NO47P2	10000000	Primary Database	PEKCGWVETOEGDP-CRKUVJCCSA-N	0	0	0	null	0	10000000.0	10000000.0			null	null	Name: [alpha-D-Man-(1->3)-alpha-D-Man-(1->3)-alpha-D-Man-(1->2)-alpha-D-Man-(1->2)](n+1)-alpha-D-Man-(1->3)-alpha-D-Man-(1->3)-alpha-D-Man-(1->3)-alpha-D-GlcNAc-di-trans,octa-cis-undecaprenyl diphosphate	CC(=O)N[C@H]1[C@@H](OP(=O)(O)OP(=O)(O)OCC=C(C)CCC=C(C)CCC=C(C)CCC=C(C)CCC=C(C)CCC=C(C)CCC=C(C)CCC=C(C)CCC=C(C)CCC=C(C)CCC=C(C)C)O[C@H](CO)[C@@H](O)[C@@H]1O[C@H]1O[C@H](CO)[C@@H](O)[C@H](O[C@H]2O[C@H](CO)[C@@H](O)[C@H](O[C@H]3O[C@H](CO)[C@@H](O)[C@H](O)[C@@H]3O[C@H]3O[C@H](CO)[C@@H](O)[C@H](O)[C@@H]3O[C@H]3O[C@H](CO)[C@@H](O)[C@H](O[C@H]4O[C@H](CO)[C@@H](O)[C@H](O[C@H]5O[C@H](CO)[C@@H](O)[C@H](O)[C@@H]5O)[C@@H]4O)[C@@H]3O)[C@@H]2O)[C@@H]1O	
cpd43012	3-O-(beta-D-GlcA-(1->3)-[beta-D-GalNAc-(1->4)-beta-D-GlcA-(1->3)](n)-beta-D-GalNAc-(1->4)-beta-D-GlcA-(1->3)-beta-D-Gal-(1->3)-beta-D-Gal-(1->4)-beta-D-Xyl)-L-seryl-[protein]	3-O-(beta-D-GlcA-(1->3)-[beta-D-GalNAc-(1->4)-beta-D-GlcA-(1->3)](n)-beta-D-GalNAc-(1->4)-beta-D-GlcA-(1->3)-beta-D-Gal-(1->3)-beta-D-Gal-(1->4)-beta-D-Xyl)-L-seryl-[protein]	C54H83N3O44R2	10000000	Primary Database		0	0	0	null	0	10000000.0	10000000.0			null	null	Name: 3-O-(beta-D-GlcA-(1->3)-[beta-D-GalNAc-(1->4)-beta-D-GlcA-(1->3)](n)-beta-D-GalNAc-(1->4)-beta-D-GlcA-(1->3)-beta-D-Gal-(1->3)-beta-D-Gal-(1->4)-beta-D-Xyl)-L-seryl-[protein]	*N[C@@H](CO[C@@H]1OC[C@@H](O[C@@H]2O[C@H](CO)[C@H](O)[C@H](O[C@@H]3O[C@H](CO)[C@H](O)[C@H](O[C@@H]4O[C@H](C(=O)O)[C@@H](O[C@@H]5O[C@H](CO)[C@@H](O)[C@H](O[C@@H]6O[C@H](C(=O)O)[C@@H](O[C@@H]7O[C@H](CO)[C@@H](O)[C@H](O[C@@H]8O[C@H](C(=O)O)[C@@H](O)[C@H](O)[C@H]8O)[C@H]7NC(C)=O)[C@H](O)[C@H]6O)[C@H]5NC(C)=O)[C@H](O)[C@H]4O)[C@H]3O)[C@H]2O)[C@H](O)[C@H]1O)C(*)=O	
cpd43013	3-O-([beta-D-GalNAc-(1->4)-beta-D-GlcA-(1->3)](n)-beta-D-GalNAc-(1->4)-beta-D-GlcA-(1->3)-beta-D-Gal-(1->3)-beta-D-Gal-(1->4)-beta-D-Xyl)-L-seryl-[protein]	3-O-([beta-D-GalNAc-(1->4)-beta-D-GlcA-(1->3)](n)-beta-D-GalNAc-(1->4)-beta-D-GlcA-(1->3)-beta-D-Gal-(1->3)-beta-D-Gal-(1->4)-beta-D-Xyl)-L-seryl-[protein]	C48H75N3O38R2	10000000	Primary Database		0	0	0	null	0	10000000.0	10000000.0			null	null	Name: 3-O-([beta-D-GalNAc-(1->4)-beta-D-GlcA-(1->3)](n)-beta-D-GalNAc-(1->4)-beta-D-GlcA-(1->3)-beta-D-Gal-(1->3)-beta-D-Gal-(1->4)-beta-D-Xyl)-L-seryl-[protein]	*N[C@@H](CO[C@@H]1OC[C@@H](O[C@@H]2O[C@H](CO)[C@H](O)[C@H](O[C@@H]3O[C@H](CO)[C@H](O)[C@H](O[C@@H]4O[C@H](C(=O)O)[C@@H](O[C@@H]5O[C@H](CO)[C@@H](O)[C@H](O[C@@H]6O[C@H](C(=O)O)[C@@H](O[C@@H]7O[C@H](CO)[C@@H](O)[C@H](O)[C@H]7NC(C)=O)[C@H](O)[C@H]6O)[C@H]5NC(C)=O)[C@H](O)[C@H]4O)[C@H]3O)[C@H]2O)[C@H](O)[C@H]1O)C(*)=O	
cpd43014	4-O-([2-N-acetyl-alpha-D-glucosaminyl-1-D-ribitylphospho](n)-di{[2R]-1-glycerylphospho})-N-acetyl-beta-D-mannosaminyl-(1->4)-N-acetyl-alpha-D-glucosaminyl di-trans,octa-cis-undecaprenyl diphosphate	4-O-([2-N-acetyl-alpha-D-glucosaminyl-1-D-ribitylphospho](n)-di{[2R]-1-glycerylphospho})-N-acetyl-beta-D-mannosaminyl-(1->4)-N-acetyl-alpha-D-glucosaminyl di-trans,octa-cis-undecaprenyl diphosphate	C90H156N3O39P5	10000000	Primary Database	CGWVOSJMYGNKHF-BZXAUNSZSA-N	0	0	0	null	0	10000000.0	10000000.0			null	null	Name: 4-O-([2-N-acetyl-alpha-D-glucosaminyl-1-D-ribitylphospho](n)-di{[2R]-1-glycerylphospho})-N-acetyl-beta-D-mannosaminyl-(1->4)-N-acetyl-alpha-D-glucosaminyl di-trans,octa-cis-undecaprenyl diphosphate	CC(=O)N[C@H]1[C@H](O[C@@H]2[C@@H](CO)O[C@H](OP(=O)(O)OP(=O)(O)OCC=C(C)CCC=C(C)CCC=C(C)CCC=C(C)CCC=C(C)CCC=C(C)CCC=C(C)CCC=C(C)CCC=C(C)CCC=C(C)CCC=C(C)C)[C@H](NC(C)=O)[C@H]2O)O[C@H](CO)[C@@H](OP(=O)(O)OC[C@H](O)COP(=O)(O)OC[C@H](O)COP(=O)(O)OC[C@H](O[C@H]2O[C@H](CO)[C@@H](O)[C@H](O)[C@H]2NC(C)=O)[C@H](O)[C@H](O)CO)[C@@H]1O	
cpd43015	4-O-([2-N-acetyl-beta-D-glucosaminyl-1-D-ribitylphospho](n)-di{[2R]-1-glycerylphospho})-N-acetyl-beta-D-mannosaminyl-(1->4)-N-acetyl-alpha-D-glucosaminyl di-trans,octa-cis-undecaprenyl diphosphate	4-O-([2-N-acetyl-beta-D-glucosaminyl-1-D-ribitylphospho](n)-di{[2R]-1-glycerylphospho})-N-acetyl-beta-D-mannosaminyl-(1->4)-N-acetyl-alpha-D-glucosaminyl di-trans,octa-cis-undecaprenyl diphosphate	C90H156N3O39P5	10000000	Primary Database	CGWVOSJMYGNKHF-LCKQLWJMSA-N	0	0	0	null	0	10000000.0	10000000.0			null	null	Name: 4-O-([2-N-acetyl-beta-D-glucosaminyl-1-D-ribitylphospho](n)-di{[2R]-1-glycerylphospho})-N-acetyl-beta-D-mannosaminyl-(1->4)-N-acetyl-alpha-D-glucosaminyl di-trans,octa-cis-undecaprenyl diphosphate	CC(=O)N[C@H]1[C@H](O[C@@H](COP(=O)(O)OC[C@@H](O)COP(=O)(O)OC[C@@H](O)COP(=O)(O)O[C@@H]2[C@@H](CO)O[C@@H](O[C@@H]3[C@@H](CO)O[C@H](OP(=O)(O)OP(=O)(O)OCC=C(C)CCC=C(C)CCC=C(C)CCC=C(C)CCC=C(C)CCC=C(C)CCC=C(C)CCC=C(C)CCC=C(C)CCC=C(C)CCC=C(C)C)[C@H](NC(C)=O)[C@H]3O)[C@H](NC(C)=O)[C@H]2O)[C@H](O)[C@H](O)CO)O[C@H](CO)[C@@H](O)[C@@H]1O	
cpd43016	4-O-[(2-beta-D-glucosyl-D-ribitylphospho)(n)-D-ribitylphospho-(2R)-glycerylphospho]-N-acetyl-beta-D-mannosaminyl-(1->4)-N-acetyl-alpha-D-glucosaminyl di-trans,octa-cis-undecaprenyl diphosphate	4-O-[(2-beta-D-glucosyl-D-ribitylphospho)(n)-D-ribitylphospho-(2R)-glycerylphospho]-N-acetyl-beta-D-mannosaminyl-(1->4)-N-acetyl-alpha-D-glucosaminyl di-trans,octa-cis-undecaprenyl diphosphate	C90H157N2O41P5	10000000	Primary Database	WXIJINYZLXBCSY-FCLOTPJESA-N	0	0	0	null	0	10000000.0	10000000.0			null	null	Name: 4-O-[(2-beta-D-glucosyl-D-ribitylphospho)(n)-D-ribitylphospho-(2R)-glycerylphospho]-N-acetyl-beta-D-mannosaminyl-(1->4)-N-acetyl-alpha-D-glucosaminyl di-trans,octa-cis-undecaprenyl diphosphate	CC(=O)N[C@H]1[C@H](O[C@@H]2[C@@H](CO)O[C@H](OP(=O)(O)OP(=O)(O)OCC=C(C)CCC=C(C)CCC=C(C)CCC=C(C)CCC=C(C)CCC=C(C)CCC=C(C)CCC=C(C)CCC=C(C)CCC=C(C)CCC=C(C)C)[C@H](NC(C)=O)[C@H]2O)O[C@H](CO)[C@@H](OP(=O)(O)OC[C@H](O)COP(=O)(O)OC[C@H](O)[C@H](O)[C@H](O)COP(=O)(O)OC[C@H](O[C@@H]2O[C@H](CO)[C@@H](O)[C@H](O)[C@H]2O)[C@H](O)[C@H](O)CO)[C@@H]1O	
cpd43017	alpha-D-galacturonosyl-[(1->2)-alpha-L-rhamnosyl-(1->4)-alpha-D-galacturonosyl](n)	alpha-D-galacturonosyl-[(1->2)-alpha-L-rhamnosyl-(1->4)-alpha-D-galacturonosyl](n)	C18H28O17	10000000	Primary Database	IZRLTPJODRHEPZ-NHBGCNMISA-N	0	0	0	null	0	10000000.0	10000000.0			null	null	Name: alpha-D-galacturonosyl-[(1->2)-alpha-L-rhamnosyl-(1->4)-alpha-D-galacturonosyl](n)	C[C@@H]1O[C@@H](O[C@H]2[C@@H](C(=O)O)O[C@H](O)[C@H](O)[C@H]2O)[C@H](O[C@H]2O[C@H](C(=O)O)[C@H](O)[C@H](O)[C@H]2O)[C@H](O)[C@H]1O	
cpd43018	[(1->2)-alpha-L-rhamnosyl-(1->4)-alpha-D-galacturonosyl](n+1)	[(1->2)-alpha-L-rhamnosyl-(1->4)-alpha-D-galacturonosyl](n+1)	C12H20O11	10000000	Primary Database	YLAIFAUCSMMVDB-QGINKGDOSA-N	0	0	0	null	0	10000000.0	10000000.0			null	null	Name: [(1->2)-alpha-L-rhamnosyl-(1->4)-alpha-D-galacturonosyl](n+1)	C[C@@H]1O[C@@H](O[C@H]2[C@@H](C(=O)O)O[C@H](O)[C@H](O)[C@H]2O)[C@H](O)[C@H](O)[C@H]1O	
cpd43019	3-O-{[(1->4)-beta-D-GlcA-(1->4)-alpha-D-GlcNAc](n+1)-(1->4)-beta-D-GlcA-(1->3)-beta-D-Gal-(1->3)-beta-D-Gal-(1->4)-beta-D-Xyl}-L-seryl-[protein]	3-O-{[(1->4)-beta-D-GlcA-(1->4)-alpha-D-GlcNAc](n+1)-(1->4)-beta-D-GlcA-(1->3)-beta-D-Gal-(1->3)-beta-D-Gal-(1->4)-beta-D-Xyl}-L-seryl-[protein]	C40H62N2O33R2	10000000	Primary Database		0	0	0	null	0	10000000.0	10000000.0			null	null	Name: 3-O-{[(1->4)-beta-D-GlcA-(1->4)-alpha-D-GlcNAc](n+1)-(1->4)-beta-D-GlcA-(1->3)-beta-D-Gal-(1->3)-beta-D-Gal-(1->4)-beta-D-Xyl}-L-seryl-[protein]	*N[C@@H](CO[C@@H]1OC[C@@H](O[C@@H]2O[C@H](CO)[C@H](O)[C@H](O[C@@H]3O[C@H](CO)[C@H](O)[C@H](O[C@@H]4O[C@H](C(=O)O)[C@@H](O[C@H]5O[C@H](CO)[C@@H](O[C@@H]6O[C@H](C(=O)O)[C@@H](O)[C@H](O)[C@H]6O)[C@H](O)[C@H]5NC(C)=O)[C@H](O)[C@H]4O)[C@H]3O)[C@H]2O)[C@H](O)[C@H]1O)C(*)=O	
cpd43020	10-formyltetrahydrofolyl-(gamma-L-Glu)(n+1)	10-formyltetrahydrofolyl-(gamma-L-Glu)(n+1)	C20H23N7O7	10000000	Primary Database	AUFGTPPARQZWDO-YPMHNXCESA-N	0	0	0	null	0	10000000.0	10000000.0			null	null	Name: 10-formyltetrahydrofolyl-(gamma-L-Glu)(n+1)	Nc1nc2c(c(=O)[nH]1)N[C@@H](CN(C=O)c1ccc(C(=O)N[C@@H](CCC(=O)O)C(=O)O)cc1)CN2	
cpd43021	3-O-([beta-D-GalNAc-(1->4)-beta-D-GlcA-(1->3)](n+1)-beta-D-GalNAc-(1->4)-beta-D-GlcA-(1->3)-beta-D-Gal-(1->3)-beta-D-Gal-(1->4)-beta-D-Xyl)-L-seryl-[protein]	3-O-([beta-D-GalNAc-(1->4)-beta-D-GlcA-(1->3)](n+1)-beta-D-GalNAc-(1->4)-beta-D-GlcA-(1->3)-beta-D-Gal-(1->3)-beta-D-Gal-(1->4)-beta-D-Xyl)-L-seryl-[protein]	C48H75N3O38R2	10000000	Primary Database		0	0	0	null	0	10000000.0	10000000.0			null	null	Name: 3-O-([beta-D-GalNAc-(1->4)-beta-D-GlcA-(1->3)](n+1)-beta-D-GalNAc-(1->4)-beta-D-GlcA-(1->3)-beta-D-Gal-(1->3)-beta-D-Gal-(1->4)-beta-D-Xyl)-L-seryl-[protein]	*N[C@@H](CO[C@@H]1OC[C@@H](O[C@@H]2O[C@H](CO)[C@H](O)[C@H](O[C@@H]3O[C@H](CO)[C@H](O)[C@H](O[C@@H]4O[C@H](C(=O)O)[C@@H](O[C@@H]5O[C@H](CO)[C@@H](O)[C@H](O[C@@H]6O[C@H](C(=O)O)[C@@H](O[C@@H]7O[C@H](CO)[C@@H](O)[C@H](O)[C@H]7NC(C)=O)[C@H](O)[C@H]6O)[C@H]5NC(C)=O)[C@H](O)[C@H]4O)[C@H]3O)[C@H]2O)[C@H](O)[C@H]1O)C(*)=O	
cpd43022	[N-(6-aminohexanoyl)](n-1)	[N-(6-aminohexanoyl)](n-1)	C12H24N2O3	10000000	Primary Database	IWENLYKHSZCPRD-UHFFFAOYSA-N	0	0	0	null	0	10000000.0	10000000.0			null	null	Name: [N-(6-aminohexanoyl)](n-1)	NCCCCCC(=O)NCCCCCC(=O)O	
cpd43023	[(2->8)-N-acetyl-alpha-D-neuraminosyl](n)	[(2->8)-N-acetyl-alpha-D-neuraminosyl](n)	C11H19NO9	10000000	Primary Database	SQVRNKJHWKZAKO-YRMXFSIDSA-N	0	0	0	null	0	10000000.0	10000000.0			null	null	Name: [(2->8)-N-acetyl-alpha-D-neuraminosyl](n)	CC(=O)N[C@@H]1[C@@H](O)C[C@](O)(C(=O)O)O[C@H]1[C@H](O)[C@H](O)CO	
cpd43024	[(2->8)-O(7),N-diacetyl-alpha-D-neuraminosyl](n)	[(2->8)-O(7),N-diacetyl-alpha-D-neuraminosyl](n)	C13H21NO10	10000000	Primary Database	DUOKWMWKFGDUDQ-CTAKWSDESA-N	0	0	0	null	0	10000000.0	10000000.0			null	null	Name: [(2->8)-O(7),N-diacetyl-alpha-D-neuraminosyl](n)	CC(=O)N[C@@H]1[C@@H](O)C[C@](O)(C(=O)O)O[C@H]1[C@H](OC(C)=O)[C@H](O)CO	
cpd43025	[(2->8)-N,O(9)-diacetyl-alpha-D-neuraminosyl](n)	[(2->8)-N,O(9)-diacetyl-alpha-D-neuraminosyl](n)	C13H21NO10	10000000	Primary Database	NYWZBRWKDRMPAS-CTAKWSDESA-N	0	0	0	null	0	10000000.0	10000000.0			null	null	Name: [(2->8)-N,O(9)-diacetyl-alpha-D-neuraminosyl](n)	CC(=O)N[C@@H]1[C@@H](O)C[C@](O)(C(=O)O)O[C@H]1[C@H](O)[C@H](O)COC(C)=O	
cpd43026	[(2->6)-alpha-D-glucosyl-(1->4)-N-acetyl-alpha-D-neuraminosyl](n)	[(2->6)-alpha-D-glucosyl-(1->4)-N-acetyl-alpha-D-neuraminosyl](n)	C17H29NO14	10000000	Primary Database	BNNCALNVANBFHN-ROFAUIFSSA-N	0	0	0	null	0	10000000.0	10000000.0			null	null	Name: [(2->6)-alpha-D-glucosyl-(1->4)-N-acetyl-alpha-D-neuraminosyl](n)	CC(=O)N[C@@H]1[C@@H](O[C@H]2O[C@H](CO)[C@@H](O)[C@H](O)[C@H]2O)C[C@](O)(C(=O)O)O[C@H]1[C@H](O)[C@H](O)CO	
cpd43027	[(2->6)-alpha-D-glucosyl-(1->4)-N,7-O-diacetyl-alpha-D-neuraminosyl](n)	[(2->6)-alpha-D-glucosyl-(1->4)-N,7-O-diacetyl-alpha-D-neuraminosyl](n)	C19H31NO15	10000000	Primary Database	YKZPVSFKQHPOSZ-LAOOHWDHSA-N	0	0	0	null	0	10000000.0	10000000.0			null	null	Name: [(2->6)-alpha-D-glucosyl-(1->4)-N,7-O-diacetyl-alpha-D-neuraminosyl](n)	CC(=O)N[C@@H]1[C@@H](O[C@H]2O[C@H](CO)[C@@H](O)[C@H](O)[C@H]2O)C[C@](O)(C(=O)O)O[C@H]1[C@H](OC(C)=O)[C@H](O)CO	
cpd43028	[(2->6)-alpha-D-glucosyl-(1->4)-N,O(9)-diacetyl-alpha-D-neuraminosyl](n)	[(2->6)-alpha-D-glucosyl-(1->4)-N,O(9)-diacetyl-alpha-D-neuraminosyl](n)	C19H31NO15	10000000	Primary Database	MYZXUOMJMQHLFC-QFGXBROESA-N	0	0	0	null	0	10000000.0	10000000.0			null	null	Name: [(2->6)-alpha-D-glucosyl-(1->4)-N,O(9)-diacetyl-alpha-D-neuraminosyl](n)	CC(=O)N[C@@H]1[C@@H](O[C@H]2O[C@H](CO)[C@@H](O)[C@H](O)[C@H]2O)C[C@](O)(C(=O)O)O[C@H]1[C@H](O)[C@H](O)COC(C)=O	
cpd43029	reduced coenzyme F420-(gamma-L-Glu)(n)	reduced coenzyme F420-(gamma-L-Glu)(n)	C24H31N4O15P	10000000	Primary Database	DMICLQAOWNFPQB-LADHFWMSSA-N	0	0	0	null	0	10000000.0	10000000.0			null	null	Name: reduced coenzyme F420-(gamma-L-Glu)(n)	C[C@H](OP(=O)(O)OC[C@@H](O)[C@@H](O)[C@@H](O)CN1c2cc(O)ccc2Cc2c1[nH]c(=O)[nH]c2=O)C(=O)N[C@@H](CCC(=O)O)C(=O)O	
cpd43030	an archaeal dolichyl alpha-D-glucosyl phosphate	an archaeal dolichyl alpha-D-glucosyl phosphate	C31H57O9P	10000000	Primary Database	UEMWSLAAOAZKOB-YIFLBWMMSA-N	0	0	0	null	0	10000000.0	10000000.0			null	null	Name: an archaeal dolichyl alpha-D-glucosyl phosphate	CC(=CCCC(C)=CCCC(C)CCOP(=O)(O)O[C@@H]1O[C@H](CO)[C@@H](O)[C@H](O)[C@H]1O)CCC=C(C)CCCC(C)C	
cpd43031	an archaeal dolichyl beta-D-glucuronosyl-(1->4)-alpha-D-glucosyl phosphate	an archaeal dolichyl beta-D-glucuronosyl-(1->4)-alpha-D-glucosyl phosphate	C37H65O15P	10000000	Primary Database	GKCADYSJQOLXPG-MEYZHTQJSA-N	0	0	0	null	0	10000000.0	10000000.0			null	null	Name: an archaeal dolichyl beta-D-glucuronosyl-(1->4)-alpha-D-glucosyl phosphate	CC(=CCCC(C)=CCCC(C)CCOP(=O)(O)O[C@@H]1O[C@H](CO)[C@@H](O)[C@H](O[C@@H]2O[C@H](C(=O)O)[C@@H](O)[C@H](O)[C@H]2O)[C@H]1O)CCC=C(C)CCCC(C)C	
cpd43032	[cis-1,4-isoprene](n)	[cis-1,4-isoprene](n)	C5H10	10000000	Primary Database	BKOOMYPCSUNDGP-UHFFFAOYSA-N	0	0	0	null	0	10000000.0	10000000.0			null	null	Name: [cis-1,4-isoprene](n)	CC=C(C)C	
cpd43033	[(3R)-hydroxybutanoate](n)	[(3R)-hydroxybutanoate](n)	C4H8O3	10000000	Primary Database	WHBMMWSBFZVSSR-GSVOUGTGSA-N	0	0	0	null	0	10000000.0	10000000.0			null	null	Name: [(3R)-hydroxybutanoate](n)	C[C@@H](O)CC(=O)O	
cpd43034	[(3R)-hydroxybutanoate](n+1)	[(3R)-hydroxybutanoate](n+1)	C4H8O3	10000000	Primary Database	WHBMMWSBFZVSSR-GSVOUGTGSA-N	0	0	0	null	0	10000000.0	10000000.0			null	null	Name: [(3R)-hydroxybutanoate](n+1)	C[C@@H](O)CC(=O)O	
cpd43035	(cis-prenyl)(n+1)-diphosphate	(cis-prenyl)(n+1)-diphosphate	C5H12O7P2	10000000	Primary Database	CBIDRCWHNCKSTO-UHFFFAOYSA-N	0	0	0	null	0	10000000.0	10000000.0			null	null	Name: (cis-prenyl)(n+1)-diphosphate	CC(C)=CCOP(=O)(O)OP(=O)(O)O	
cpd43036	[(3R)-hydroxybutanoate](n-1)	[(3R)-hydroxybutanoate](n-1)	C4H8O3	10000000	Primary Database	WHBMMWSBFZVSSR-GSVOUGTGSA-N	0	0	0	null	0	10000000.0	10000000.0			null	null	Name: [(3R)-hydroxybutanoate](n-1)	C[C@@H](O)CC(=O)O	
cpd43037	[(3R)-hydroxybutanoate](n-2)	[(3R)-hydroxybutanoate](n-2)	C4H8O3	10000000	Primary Database	WHBMMWSBFZVSSR-GSVOUGTGSA-N	0	0	0	null	0	10000000.0	10000000.0			null	null	Name: [(3R)-hydroxybutanoate](n-2)	C[C@@H](O)CC(=O)O	
cpd43038	[(3R)-hydroxybutanoate](n-3)	[(3R)-hydroxybutanoate](n-3)	C4H8O3	10000000	Primary Database	WHBMMWSBFZVSSR-GSVOUGTGSA-N	0	0	0	null	0	10000000.0	10000000.0			null	null	Name: [(3R)-hydroxybutanoate](n-3)	C[C@@H](O)CC(=O)O	
cpd43039	[(3R)-hydroxybutanoate](n-4)	[(3R)-hydroxybutanoate](n-4)	C4H8O3	10000000	Primary Database	WHBMMWSBFZVSSR-GSVOUGTGSA-N	0	0	0	null	0	10000000.0	10000000.0			null	null	Name: [(3R)-hydroxybutanoate](n-4)	C[C@@H](O)CC(=O)O	
cpd43040	[(3R)-hydroxybutanoate](n-5)	[(3R)-hydroxybutanoate](n-5)	C4H8O3	10000000	Primary Database	WHBMMWSBFZVSSR-GSVOUGTGSA-N	0	0	0	null	0	10000000.0	10000000.0			null	null	Name: [(3R)-hydroxybutanoate](n-5)	C[C@@H](O)CC(=O)O	
cpd43041	cis-1,4-isoprene(n-3)	cis-1,4-isoprene(n-3)	C5H10	10000000	Primary Database	BKOOMYPCSUNDGP-UHFFFAOYSA-N	0	0	0	null	0	10000000.0	10000000.0			null	null	Name: cis-1,4-isoprene(n-3)	CC=C(C)C	
cpd43042	[(1->4)-alpha-D-galacturonosyl methyl ester](n)	[(1->4)-alpha-D-galacturonosyl methyl ester](n)	C7H12O7	10000000	Primary Database	DICCNWCUKCYGNF-KGJVWPDLSA-N	0	0	0	null	0	10000000.0	10000000.0			null	null	Name: [(1->4)-alpha-D-galacturonosyl methyl ester](n)	COC(=O)[C@H]1O[C@H](O)[C@H](O)[C@@H](O)[C@H]1O	
cpd43043	[(1->4)-3,6-bisphospho-alpha-D-glucosyl](n)	[(1->4)-3,6-bisphospho-alpha-D-glucosyl](n)	C6H14O12P2	10000000	Primary Database	BWTSOKASODVSMM-TVIMKVIFSA-N	0	0	0	null	0	10000000.0	10000000.0			null	null	Name: [(1->4)-3,6-bisphospho-alpha-D-glucosyl](n)	O=P(O)(O)OC[C@H]1O[C@H](O)[C@H](O)[C@@H](OP(=O)(O)O)[C@@H]1O	
cpd43044	N-sulfo-alpha-D-glucosaminyl-[heparan sulfate](n)	N-sulfo-alpha-D-glucosaminyl-[heparan sulfate](n)	C18H32N2O27S4	10000000	Primary Database	LKURSDKEXOHXBE-BCMGMHEASA-N	0	0	0	null	0	10000000.0	10000000.0			null	null	Name: N-sulfo-alpha-D-glucosaminyl-[heparan sulfate](n)	O=C(O)[C@@H]1O[C@@H](O[C@@H]2[C@@H](COS(=O)(=O)O)O[C@H](O)[C@H](NS(=O)(=O)O)[C@H]2O)[C@H](OS(=O)(=O)O)[C@@H](O)[C@@H]1O[C@H]1O[C@H](CO)[C@@H](O)[C@H](O)[C@H]1NS(=O)(=O)O	
cpd43045	[1,4-alpha-D-glucosyl](n)-L-tyrosyl-[glycogenin]	[1,4-alpha-D-glucosyl](n)-L-tyrosyl-[glycogenin]	C15H19NO7R2	10000000	Primary Database		0	0	0	null	0	10000000.0	10000000.0			null	null	Name: [1,4-alpha-D-glucosyl](n)-L-tyrosyl-[glycogenin]	*N[C@@H](Cc1ccc(O[C@H]2O[C@H](CO)[C@@H](O)[C@H](O)[C@H]2O)cc1)C(*)=O	
cpd43046	[1,4-alpha-D-glucosyl](n+1)-L-tyrosyl-[glycogenin]	[1,4-alpha-D-glucosyl](n+1)-L-tyrosyl-[glycogenin]	C15H19NO7R2	10000000	Primary Database		0	0	0	null	0	10000000.0	10000000.0			null	null	Name: [1,4-alpha-D-glucosyl](n+1)-L-tyrosyl-[glycogenin]	*N[C@@H](Cc1ccc(O[C@H]2O[C@H](CO)[C@@H](O)[C@H](O)[C@H]2O)cc1)C(*)=O	
cpd43047	6-sulfo-alpha-D-glucosaminyl-[heparan sulfate](n)	6-sulfo-alpha-D-glucosaminyl-[heparan sulfate](n)	C18H32N2O27S4	10000000	Primary Database	PRLIYKXXLFYLTJ-BCMGMHEASA-N	0	0	0	null	0	10000000.0	10000000.0			null	null	Name: 6-sulfo-alpha-D-glucosaminyl-[heparan sulfate](n)	N[C@H]1[C@@H](O[C@H]2[C@H](O)[C@@H](OS(=O)(=O)O)[C@H](O[C@@H]3[C@@H](COS(=O)(=O)O)O[C@H](O)[C@H](NS(=O)(=O)O)[C@H]3O)O[C@H]2C(=O)O)O[C@H](COS(=O)(=O)O)[C@@H](O)[C@@H]1O	
cpd43048	(2,5-ethylene furandicarboxylate)(n)	(2,5-ethylene furandicarboxylate)(n)	C8H8O6	10000000	Primary Database	TVAULEXYEOZOPM-UHFFFAOYSA-N	0	0	0	null	0	10000000.0	10000000.0			null	null	Name: (2,5-ethylene furandicarboxylate)(n)	O=C(O)c1ccc(C(=O)OCCO)o1	
cpd43049	(2,5-ethylene furandicarboxylate)(n-1)	(2,5-ethylene furandicarboxylate)(n-1)	C8H8O6	10000000	Primary Database	TVAULEXYEOZOPM-UHFFFAOYSA-N	0	0	0	null	0	10000000.0	10000000.0			null	null	Name: (2,5-ethylene furandicarboxylate)(n-1)	O=C(O)c1ccc(C(=O)OCCO)o1	
cpd43050	1-[(1->4)-alpha-D-glucosyl](n-1)-alpha-D-glucose	1-[(1->4)-alpha-D-glucosyl](n-1)-alpha-D-glucose	C12H22O11	10000000	Primary Database	HDTRYLNUVZCQOY-LIZSDCNHSA-N	0	0	0	null	0	10000000.0	10000000.0			null	null	Name: 1-[(1->4)-alpha-D-glucosyl](n-1)-alpha-D-glucose	OC[C@H]1O[C@H](O[C@H]2O[C@H](CO)[C@@H](O)[C@H](O)[C@H]2O)[C@H](O)[C@@H](O)[C@@H]1O	
cpd43051	[(1->4)-alpha-D-galacturonosyl](n-2)	[(1->4)-alpha-D-galacturonosyl](n-2)	C6H10O7	10000000	Primary Database	AEMOLEFTQBMNLQ-BKBMJHBISA-N	0	0	0	null	0	10000000.0	10000000.0			null	null	Name: [(1->4)-alpha-D-galacturonosyl](n-2)	O=C(O)[C@H]1O[C@H](O)[C@H](O)[C@@H](O)[C@H]1O	
cpd43052	(6S)-5,6,7,8-tetrahydrofolyl-(gamma-L-Glu)(n)	(6S)-5,6,7,8-tetrahydrofolyl-(gamma-L-Glu)(n)	C19H23N7O6	10000000	Primary Database	MSTNYGQPCMXVAQ-RYUDHWBXSA-N	0	0	0	null	0	10000000.0	10000000.0			null	null	Name: (6S)-5,6,7,8-tetrahydrofolyl-(gamma-L-Glu)(n)	Nc1nc2c(c(=O)[nH]1)N[C@@H](CNc1ccc(C(=O)N[C@@H](CCC(=O)O)C(=O)O)cc1)CN2	
cpd43053	(6S)-5,6,7,8-tetrahydrofolyl-(gamma-L-Glu)(n+1)	(6S)-5,6,7,8-tetrahydrofolyl-(gamma-L-Glu)(n+1)	C19H23N7O6	10000000	Primary Database	MSTNYGQPCMXVAQ-RYUDHWBXSA-N	0	0	0	null	0	10000000.0	10000000.0			null	null	Name: (6S)-5,6,7,8-tetrahydrofolyl-(gamma-L-Glu)(n+1)	Nc1nc2c(c(=O)[nH]1)N[C@@H](CNc1ccc(C(=O)N[C@@H](CCC(=O)O)C(=O)O)cc1)CN2	
cpd43054	(1->3)-alpha-D-glucosyl-[(1->6)-alpha-D-glucosyl](n)	(1->3)-alpha-D-glucosyl-[(1->6)-alpha-D-glucosyl](n)	C18H32O16	10000000	Primary Database	GEMKLMOVLYWXIB-ISBVFXGKSA-N	0	0	0	null	0	10000000.0	10000000.0			null	null	Name: (1->3)-alpha-D-glucosyl-[(1->6)-alpha-D-glucosyl](n)	OC[C@H]1O[C@H](O[C@@H]2[C@@H](O)[C@@H](OC[C@H]3O[C@H](O)[C@H](O)[C@@H](O)[C@@H]3O)O[C@H](CO)[C@H]2O)[C@H](O)[C@@H](O)[C@@H]1O	
cpd43055	an 8-methylmenaquinone	an 8-methylmenaquinone	C17H18O2	10000000	Primary Database	TZQNYDXMBVLMKD-UHFFFAOYSA-N	0	0	0	null	0	10000000.0	10000000.0			null	null	Name: an 8-methylmenaquinone	CC(C)=C=Cc1c(C)c(O)c2c(C)cccc2c1O	
cpd43056	a 2-demethyl-8-methylmenaquinone	a 2-demethyl-8-methylmenaquinone	C16H16O2	10000000	Primary Database	SSWIRFOCHHLOCA-UHFFFAOYSA-N	0	0	0	null	0	10000000.0	10000000.0			null	null	Name: a 2-demethyl-8-methylmenaquinone	CC(C)=C=Cc1cc(O)c2c(C)cccc2c1O	
cpd43057	[(1->3)-alpha-D-glucosyl](n-1)	[(1->3)-alpha-D-glucosyl](n-1)	C6H12O6	10000000	Primary Database	WQZGKKKJIJFFOK-DVKNGEFBSA-N	0	0	0	null	0	10000000.0	10000000.0			null	null	Name: [(1->3)-alpha-D-glucosyl](n-1)	OC[C@H]1O[C@H](O)[C@H](O)[C@@H](O)[C@@H]1O	
cpd43058	4-O-([3-N-acetyl-beta-D-glucosaminyl-1-D-ribitylphospho](n)-di{[2R]-1-glycerylphospho})-N-acetyl-beta-D-mannosaminyl-(1->4)-N-acetyl-alpha-D-glucosaminyl di-trans,octa-cis-undecaprenyl diphosphate	4-O-([3-N-acetyl-beta-D-glucosaminyl-1-D-ribitylphospho](n)-di{[2R]-1-glycerylphospho})-N-acetyl-beta-D-mannosaminyl-(1->4)-N-acetyl-alpha-D-glucosaminyl di-trans,octa-cis-undecaprenyl diphosphate	C90H156N3O39P5	10000000	Primary Database	SBLXUYKMCAWXNX-JCOKUHHPSA-N	0	0	0	null	0	10000000.0	10000000.0			null	null	Name: 4-O-([3-N-acetyl-beta-D-glucosaminyl-1-D-ribitylphospho](n)-di{[2R]-1-glycerylphospho})-N-acetyl-beta-D-mannosaminyl-(1->4)-N-acetyl-alpha-D-glucosaminyl di-trans,octa-cis-undecaprenyl diphosphate	CC(=O)N[C@H]1[C@H](O[C@@H]([C@@H](O)CO)[C@H](O)COP(=O)(O)OC[C@@H](O)COP(=O)(O)OC[C@@H](O)COP(=O)(O)O[C@@H]2[C@@H](CO)O[C@@H](O[C@@H]3[C@@H](CO)O[C@H](OP(=O)(O)OP(=O)(O)OCC=C(C)CCC=C(C)CCC=C(C)CCC=C(C)CCC=C(C)CCC=C(C)CCC=C(C)CCC=C(C)CCC=C(C)CCC=C(C)CCC=C(C)C)[C@H](NC(C)=O)[C@H]3O)[C@H](NC(C)=O)[C@H]2O)O[C@H](CO)[C@@H](O)[C@@H]1O	
cpd43059	(L-glutamyl)(n)-gamma-L-glutamyl-L-glutamyl-[protein]	(L-glutamyl)(n)-gamma-L-glutamyl-L-glutamyl-[protein]	C15H21N3O9R2	10000000	Primary Database		0	0	0	null	0	10000000.0	10000000.0			null	null	Name: (L-glutamyl)(n)-gamma-L-glutamyl-L-glutamyl-[protein]	*N[C@@H](CCC(=O)N[C@@H](CCC(=O)O)C(=O)N[C@@H](CCC(=O)O)C(=O)O)C(*)=O	
cpd43060	(L-glutamyl)(n+1)-gamma-L-glutamyl-L-glutamyl-[protein]	(L-glutamyl)(n+1)-gamma-L-glutamyl-L-glutamyl-[protein]	C15H21N3O9R2	10000000	Primary Database		0	0	0	null	0	10000000.0	10000000.0			null	null	Name: (L-glutamyl)(n+1)-gamma-L-glutamyl-L-glutamyl-[protein]	*N[C@@H](CCC(=O)N[C@@H](CCC(=O)O)C(=O)N[C@@H](CCC(=O)O)C(=O)O)C(*)=O	
cpd43061	[(1->2)-beta-D-mannosyl](n+1)	[(1->2)-beta-D-mannosyl](n+1)	C6H12O6	10000000	Primary Database	WQZGKKKJIJFFOK-RWOPYEJCSA-N	0	0	0	null	0	10000000.0	10000000.0			null	null	Name: [(1->2)-beta-D-mannosyl](n+1)	OC[C@H]1O[C@@H](O)[C@@H](O)[C@@H](O)[C@@H]1O	
cpd43062	[(1->2)-beta-D-glucosyl](n-2)	[(1->2)-beta-D-glucosyl](n-2)	C6H12O6	10000000	Primary Database	WQZGKKKJIJFFOK-VFUOTHLCSA-N	0	0	0	null	0	10000000.0	10000000.0			null	null	Name: [(1->2)-beta-D-glucosyl](n-2)	OC[C@H]1O[C@@H](O)[C@H](O)[C@@H](O)[C@@H]1O	
cpd43063	[(1->4)-alpha-D-galacturonosyl methyl ester](n-1)	[(1->4)-alpha-D-galacturonosyl methyl ester](n-1)	C7H12O7	10000000	Primary Database	DICCNWCUKCYGNF-KGJVWPDLSA-N	0	0	0	null	0	10000000.0	10000000.0			null	null	Name: [(1->4)-alpha-D-galacturonosyl methyl ester](n-1)	COC(=O)[C@H]1O[C@H](O)[C@H](O)[C@@H](O)[C@H]1O	
cpd43064	[(1''->2')-ADP-alpha-D-ribose](n)	[(1''->2')-ADP-alpha-D-ribose](n)	C15H23N5O14P2	10000000	Primary Database	SRNWOUGRCWSEMX-ZQSHOCFMSA-N	0	0	0	null	0	10000000.0	10000000.0			null	null	Name: [(1''->2')-ADP-alpha-D-ribose](n)	Nc1ncnc2c1ncn2[C@@H]1O[C@H](COP(=O)(O)OP(=O)(O)OC[C@H]2O[C@H](O)[C@H](O)[C@@H]2O)[C@@H](O)[C@H]1O	
cpd43065	[(1''->2')-ADP-alpha-D-ribose](n-1)	[(1''->2')-ADP-alpha-D-ribose](n-1)	C15H23N5O14P2	10000000	Primary Database	SRNWOUGRCWSEMX-ZQSHOCFMSA-N	0	0	0	null	0	10000000.0	10000000.0			null	null	Name: [(1''->2')-ADP-alpha-D-ribose](n-1)	Nc1ncnc2c1ncn2[C@@H]1O[C@H](COP(=O)(O)OP(=O)(O)OC[C@H]2O[C@H](O)[C@H](O)[C@@H]2O)[C@@H](O)[C@H]1O	
cpd43066	a peptide antigen	a peptide antigen	C4H6N2O3R2	10000000	Primary Database		0	0	0	null	0	10000000.0	10000000.0			null	null	Name: a peptide antigen	*[C@H](N)C(=O)N[C@@H](*)C(=O)O	
cpd43067	[(R)-3-hydroxyalkanoate](n)	[(R)-3-hydroxyalkanoate](n)	C3H5O3R	10000000	Primary Database		0	0	0	null	0	10000000.0	10000000.0			null	null	Name: [(R)-3-hydroxyalkanoate](n)	*[C@@H](O)CC(=O)O	
cpd43068	[(R)-3-hydroxyalkanoate](n+1)	[(R)-3-hydroxyalkanoate](n+1)	C3H5O3R	10000000	Primary Database		0	0	0	null	0	10000000.0	10000000.0			null	null	Name: [(R)-3-hydroxyalkanoate](n+1)	*[C@@H](O)CC(=O)O	
cpd43069	(glycyl)(n)-glycyl-L-glutamyl-[protein]	(glycyl)(n)-glycyl-L-glutamyl-[protein]	C9H13N3O5R2	10000000	Primary Database		0	0	0	null	0	10000000.0	10000000.0			null	null	Name: (glycyl)(n)-glycyl-L-glutamyl-[protein]	*N[C@@H](CCC(=O)NCC(=O)NCC(=O)O)C(*)=O	
cpd43070	(glycyl)(n+1)-glycyl-L-glutamyl-[protein]	(glycyl)(n+1)-glycyl-L-glutamyl-[protein]	C9H13N3O5R2	10000000	Primary Database		0	0	0	null	0	10000000.0	10000000.0			null	null	Name: (glycyl)(n+1)-glycyl-L-glutamyl-[protein]	*N[C@@H](CCC(=O)NCC(=O)NCC(=O)O)C(*)=O	
cpd43071	DNA(n)-Z	DNA(n)-Z	C15H23N6O11P2R	10000000	Primary Database		0	0	0	null	0	10000000.0	10000000.0			null	null	Name: DNA(n)-Z	*[C@H]1C[C@H](OP(=O)(O)OC[C@H]2O[C@@H](n3cnc4c(N)nc(N)nc43)C[C@@H]2O)[C@@H](COP(=O)(O)O)O1	
cpd43072	RNA(n)-3'-adenine ribonucleotide	RNA(n)-3'-adenine ribonucleotide	C15H22N5O13P2R	10000000	Primary Database		0	0	0	null	0	10000000.0	10000000.0			null	null	Name: RNA(n)-3'-adenine ribonucleotide	*[C@@H]1O[C@H](COP(=O)(O)O)[C@@H](OP(=O)(O)OC[C@H]2O[C@@H](n3cnc4c(N)ncnc43)[C@H](O)[C@@H]2O)[C@H]1O	
cpd43073	RNA(n)-3'-uridine ribonucleotide	RNA(n)-3'-uridine ribonucleotide	C14H21N2O15P2R	10000000	Primary Database		0	0	0	null	0	10000000.0	10000000.0			null	null	Name: RNA(n)-3'-uridine ribonucleotide	*[C@@H]1O[C@H](COP(=O)(O)O)[C@@H](OP(=O)(O)OC[C@H]2O[C@@H](n3ccc(=O)[nH]c3=O)[C@H](O)[C@@H]2O)[C@H]1O	
cpd43074	3-O-{(1->[3)-alpha-D-Xyl-(1->3)-beta-D-GlcA-(1->](n)-4)-beta-D-Xyl-(1->4)-Rib-ol-P-Rib-ol-P-3-beta-D-GalNAc-(1->3)-beta-D-GlcNAc-(1->4)-O-6-P-alpha-D-Man}-L-Thr-[protein]	3-O-{(1->[3)-alpha-D-Xyl-(1->3)-beta-D-GlcA-(1->](n)-4)-beta-D-Xyl-(1->4)-Rib-ol-P-Rib-ol-P-3-beta-D-GalNAc-(1->3)-beta-D-GlcNAc-(1->4)-O-6-P-alpha-D-Man}-L-Thr-[protein]	C52H90N3O48P3R2	10000000	Primary Database		0	0	0	null	0	10000000.0	10000000.0			null	null	Name: 3-O-{(1->[3)-alpha-D-Xyl-(1->3)-beta-D-GlcA-(1->](n)-4)-beta-D-Xyl-(1->4)-Rib-ol-P-Rib-ol-P-3-beta-D-GalNAc-(1->3)-beta-D-GlcNAc-(1->4)-O-6-P-alpha-D-Man}-L-Thr-[protein]	*N[C@H](C(*)=O)[C@@H](C)O[C@H]1O[C@H](COP(=O)(O)O)[C@@H](O[C@@H]2O[C@H](CO)[C@@H](O)[C@H](O[C@@H]3O[C@H](CO)[C@H](O)[C@H](OP(=O)(O)OC[C@@H](O)[C@@H](O)[C@@H](O)COP(=O)(O)OC[C@@H](O[C@@H]4OC[C@@H](O[C@@H]5O[C@H](C(=O)O)[C@@H](O)[C@H](O[C@H]6OC[C@@H](O)[C@H](O)[C@H]6O)[C@H]5O)[C@H](O)[C@H]4O)[C@@H](O)[C@@H](O)CO)[C@H]3NC(C)=O)[C@H]2NC(C)=O)[C@H](O)[C@@H]1O	
cpd43075	3-O-{(1->[3)-alpha-D-Xyl-(1->3)-beta-D-GlcA-(1->](n+1)-4)-beta-D-Xyl-(1->4)-Rib-ol-P-Rib-ol-P-3-beta-D-GalNAc-(1->3)-beta-D-GlcNAc-(1->4)-O-6-P-alpha-D-Man}-L-Thr-[protein]	3-O-{(1->[3)-alpha-D-Xyl-(1->3)-beta-D-GlcA-(1->](n+1)-4)-beta-D-Xyl-(1->4)-Rib-ol-P-Rib-ol-P-3-beta-D-GalNAc-(1->3)-beta-D-GlcNAc-(1->4)-O-6-P-alpha-D-Man}-L-Thr-[protein]	C52H90N3O48P3R2	10000000	Primary Database		0	0	0	null	0	10000000.0	10000000.0			null	null	Name: 3-O-{(1->[3)-alpha-D-Xyl-(1->3)-beta-D-GlcA-(1->](n+1)-4)-beta-D-Xyl-(1->4)-Rib-ol-P-Rib-ol-P-3-beta-D-GalNAc-(1->3)-beta-D-GlcNAc-(1->4)-O-6-P-alpha-D-Man}-L-Thr-[protein]	*N[C@H](C(*)=O)[C@@H](C)O[C@H]1O[C@H](COP(=O)(O)O)[C@@H](O[C@@H]2O[C@H](CO)[C@@H](O)[C@H](O[C@@H]3O[C@H](CO)[C@H](O)[C@H](OP(=O)(O)OC[C@@H](O)[C@@H](O)[C@@H](O)COP(=O)(O)OC[C@@H](O[C@@H]4OC[C@@H](O[C@@H]5O[C@H](C(=O)O)[C@@H](O)[C@H](O[C@H]6OC[C@@H](O)[C@H](O)[C@H]6O)[C@H]5O)[C@H](O)[C@H]4O)[C@@H](O)[C@@H](O)CO)[C@H]3NC(C)=O)[C@H]2NC(C)=O)[C@H](O)[C@@H]1O	
cpd43076	3-O-{beta-D-GlcA-(1->[3)-alpha-D-Xyl-(1->3)-beta-D-GlcA-(1->](n)-4)-beta-D-Xyl-(1->4)-Rib-ol-P-Rib-ol-P-3-beta-D-GalNAc-(1->3)-beta-D-GlcNAc-(1->4)-O-6-P-alpha-D-Man}-L-Thr-[protein]	3-O-{beta-D-GlcA-(1->[3)-alpha-D-Xyl-(1->3)-beta-D-GlcA-(1->](n)-4)-beta-D-Xyl-(1->4)-Rib-ol-P-Rib-ol-P-3-beta-D-GalNAc-(1->3)-beta-D-GlcNAc-(1->4)-O-6-P-alpha-D-Man}-L-Thr-[protein]	C58H98N3O54P3R2	10000000	Primary Database		0	0	0	null	0	10000000.0	10000000.0			null	null	Name: 3-O-{beta-D-GlcA-(1->[3)-alpha-D-Xyl-(1->3)-beta-D-GlcA-(1->](n)-4)-beta-D-Xyl-(1->4)-Rib-ol-P-Rib-ol-P-3-beta-D-GalNAc-(1->3)-beta-D-GlcNAc-(1->4)-O-6-P-alpha-D-Man}-L-Thr-[protein]	*N[C@H](C(*)=O)[C@@H](C)O[C@H]1O[C@H](COP(=O)(O)O)[C@@H](O[C@@H]2O[C@H](CO)[C@@H](O)[C@H](O[C@@H]3O[C@H](CO)[C@H](O)[C@H](OP(=O)(O)OC[C@@H](O)[C@@H](O)[C@@H](O)COP(=O)(O)OC[C@@H](O[C@@H]4OC[C@@H](O[C@@H]5O[C@H](C(=O)O)[C@@H](O)[C@H](O[C@H]6OC[C@@H](O)[C@H](O[C@@H]7O[C@H](C(=O)O)[C@@H](O)[C@H](O)[C@H]7O)[C@H]6O)[C@H]5O)[C@H](O)[C@H]4O)[C@@H](O)[C@@H](O)CO)[C@H]3NC(C)=O)[C@H]2NC(C)=O)[C@H](O)[C@@H]1O	
cpd43077	3-O-{O-3-S-beta-D-GlcA-(1->[3)-alpha-D-Xyl-(1->3)-beta-D-GlcA-(1->](n)-4)-beta-D-Xyl-(1->4)-Rib-ol-P-Rib-ol-P-3-beta-D-GalNAc-(1->3)-beta-D-GlcNAc-(1->4)-O-6-P-alpha-D-Man}-L-Thr-[protein]	3-O-{O-3-S-beta-D-GlcA-(1->[3)-alpha-D-Xyl-(1->3)-beta-D-GlcA-(1->](n)-4)-beta-D-Xyl-(1->4)-Rib-ol-P-Rib-ol-P-3-beta-D-GalNAc-(1->3)-beta-D-GlcNAc-(1->4)-O-6-P-alpha-D-Man}-L-Thr-[protein]	C58H98N3O57P3R2S	10000000	Primary Database		0	0	0	null	0	10000000.0	10000000.0			null	null	Name: 3-O-{O-3-S-beta-D-GlcA-(1->[3)-alpha-D-Xyl-(1->3)-beta-D-GlcA-(1->](n)-4)-beta-D-Xyl-(1->4)-Rib-ol-P-Rib-ol-P-3-beta-D-GalNAc-(1->3)-beta-D-GlcNAc-(1->4)-O-6-P-alpha-D-Man}-L-Thr-[protein]	*N[C@H](C(*)=O)[C@@H](C)O[C@H]1O[C@H](COP(=O)(O)O)[C@@H](O[C@@H]2O[C@H](CO)[C@@H](O)[C@H](O[C@@H]3O[C@H](CO)[C@H](O)[C@H](OP(=O)(O)OC[C@@H](O)[C@@H](O)[C@@H](O)COP(=O)(O)OC[C@@H](O[C@@H]4OC[C@@H](O[C@@H]5O[C@H](C(=O)O)[C@@H](O)[C@H](O[C@H]6OC[C@@H](O)[C@H](O[C@@H]7O[C@H](C(=O)O)[C@@H](O)[C@H](OS(=O)(=O)O)[C@H]7O)[C@H]6O)[C@H]5O)[C@H](O)[C@H]4O)[C@@H](O)[C@@H](O)CO)[C@H]3NC(C)=O)[C@H]2NC(C)=O)[C@H](O)[C@@H]1O	
cpd43078	a (Z)-omega-(methylsulfanyl)alkyl-thiohydroximate	a (Z)-omega-(methylsulfanyl)alkyl-thiohydroximate	C5H11NOS2	10000000	Primary Database	LQVOUPXXRIMQIM-UHFFFAOYSA-N	0	0	0	null	0	10000000.0	10000000.0			null	null	Name: a (Z)-omega-(methylsulfanyl)alkyl-thiohydroximate	CSCCCC(S)=NO	
cpd43079	a 4-hydroxy-3-all-trans-polyprenylbenzoate	a 4-hydroxy-3-all-trans-polyprenylbenzoate	C12H14O3	10000000	Primary Database	LBSJJNAMGVDGCU-UHFFFAOYSA-N	0	0	0	null	0	10000000.0	10000000.0			null	null	Name: a 4-hydroxy-3-all-trans-polyprenylbenzoate	CC(C)=CCc1cc(C(=O)O)ccc1O	
cpd43080	a 2-all-trans-polyprenylphenol	a 2-all-trans-polyprenylphenol	C11H14O	10000000	Primary Database	GLOBOHBQKQLVIS-UHFFFAOYSA-N	0	0	0	null	0	10000000.0	10000000.0			null	null	Name: a 2-all-trans-polyprenylphenol	CC(C)=CCc1ccccc1O	
cpd43081	N-acetyl-alpha-D-glucosaminyl-diphosphodolichol	N-acetyl-alpha-D-glucosaminyl-diphosphodolichol	C33H59NO12P2	10000000	Primary Database	NSVKTXNITHYTDN-PZDXOPSFSA-N	0	0	0	null	0	10000000.0	10000000.0			null	null	Name: N-acetyl-alpha-D-glucosaminyl-diphosphodolichol	CC(=O)N[C@H]1[C@@H](OP(=O)(O)OP(=O)(O)OCCC(C)CCC=C(C)CCC=C(C)CCC=C(C)CCC=C(C)C)O[C@H](CO)[C@@H](O)[C@@H]1O	
cpd43082	di-trans,poly-cis-dolichol	di-trans,poly-cis-dolichol	C25H44O	10000000	Primary Database	KLGBTYNAYAZPFD-QOLULZROSA-N	0	0	0	null	0	10000000.0	10000000.0			null	null	Name: di-trans,poly-cis-dolichol	CC(C)=CCC/C(C)=C/CC/C(C)=C/CC/C(C)=C\CCC(C)CCO	
cpd43083	dolichyl hexadecanoate	dolichyl hexadecanoate	C41H74O2	10000000	Primary Database	UMGKAWSVZSRORY-JCZQIMENSA-N	0	0	0	null	0	10000000.0	10000000.0			null	null	Name: dolichyl hexadecanoate	CCCCCCCCCCCCCCCC(=O)OCCC(C)CC/C=C(/C)CC/C=C(\C)CC/C=C(\C)CCC=C(C)C	
cpd43084	di-trans,cis-polyprenol	di-trans,cis-polyprenol	C25H42O	10000000	Primary Database	YHTCXUSSQJMLQD-PSTDWBAXSA-N	0	0	0	null	0	10000000.0	10000000.0			null	null	Name: di-trans,cis-polyprenol	CC(C)=CCC/C(C)=C/CC/C(C)=C/CC/C(C)=C\CC/C(C)=C\CO	
cpd43085	a 2-demethylmenaquinone	a 2-demethylmenaquinone	C15H14O2	10000000	Primary Database	WANODUJOQZLHJC-UHFFFAOYSA-N	0	0	0	null	0	10000000.0	10000000.0			null	null	Name: a 2-demethylmenaquinone	CC(C)=C=Cc1cc(O)c2ccccc2c1O	
cpd43086	a menaquinone	a menaquinone	C16H16O2	10000000	Primary Database	PXEGMVKRAVLBRS-UHFFFAOYSA-N	0	0	0	null	0	10000000.0	10000000.0			null	null	Name: a menaquinone	CC(C)=C=Cc1c(C)c(O)c2ccccc2c1O	
cpd43087	a menaquinol	a menaquinol	C16H18O2	10000000	Primary Database	NDCOZNXXVWWVAO-UHFFFAOYSA-N	0	0	0	null	0	10000000.0	10000000.0			null	null	Name: a menaquinol	CC(C)=CCc1c(C)c(O)c2ccccc2c1O	
cpd43088	a 3-(all-trans-polyprenyl)benzene-1,2-diol	a 3-(all-trans-polyprenyl)benzene-1,2-diol	C11H14O2	10000000	Primary Database	CWNAMDTZXWFAQN-UHFFFAOYSA-N	0	0	0	null	0	10000000.0	10000000.0			null	null	Name: a 3-(all-trans-polyprenyl)benzene-1,2-diol	CC(C)=CCc1cccc(O)c1O	
cpd43089	a 2-methoxy-6-(all-trans-polyprenyl)phenol	a 2-methoxy-6-(all-trans-polyprenyl)phenol	C12H16O2	10000000	Primary Database	AQQFSJRYEOQNKZ-UHFFFAOYSA-N	0	0	0	null	0	10000000.0	10000000.0			null	null	Name: a 2-methoxy-6-(all-trans-polyprenyl)phenol	COc1cccc(CC=C(C)C)c1O	
cpd43090	an aldose	an aldose	C3H6O3	10000000	Primary Database	RXKJFZQQPQGTFL-UHFFFAOYSA-N	0	0	0	null	0	10000000.0	10000000.0			null	null	Name: an aldose	O=C(CO)CO	
cpd43091	an alditol	an alditol	C3H8O3	10000000	Primary Database	PEDCQBHIVMGVHV-UHFFFAOYSA-N	0	0	0	null	0	10000000.0	10000000.0			null	null	Name: an alditol	OCC(O)CO	
cpd43092	[heparosan-N-sulfate](n)	[heparosan-N-sulfate](n)	C12H21NO14S	10000000	Primary Database	KNKWELGWBDSUOG-OYQIKJLFSA-N	0	0	0	null	0	10000000.0	10000000.0			null	null	Name: [heparosan-N-sulfate](n)	O=C(O)[C@H]1O[C@@H](O[C@@H]2[C@@H](CO)O[C@H](O)[C@H](NS(=O)(=O)O)[C@H]2O)[C@H](O)[C@@H](O)[C@@H]1O	
cpd43093	[heparan-N-sulfate](n)	[heparan-N-sulfate](n)	C12H21NO14S	10000000	Primary Database	KNKWELGWBDSUOG-PNRHKHKDSA-N	0	0	0	null	0	10000000.0	10000000.0			null	null	Name: [heparan-N-sulfate](n)	O=C(O)[C@@H]1O[C@@H](O[C@@H]2[C@@H](CO)O[C@H](O)[C@H](NS(=O)(=O)O)[C@H]2O)[C@H](O)[C@@H](O)[C@@H]1O	
cpd43094	alpha-D-Man-(1->2)-alpha-D-Man-(1->2)-[alpha-D-Man-(1->3)-alpha-D-Man-(1->3)-alpha-D-Man-(1->2)-alpha-D-Man-(1->2)](n)-alpha-D-Man-(1->3)-alpha-D-Man-(1->3)-alpha-D-Man-(1->3)-alpha-D-GlcNAc-di-trans,octa-cis-undecaprenyl diphosphate	alpha-D-Man-(1->2)-alpha-D-Man-(1->2)-[alpha-D-Man-(1->3)-alpha-D-Man-(1->3)-alpha-D-Man-(1->2)-alpha-D-Man-(1->2)](n)-alpha-D-Man-(1->3)-alpha-D-Man-(1->3)-alpha-D-Man-(1->3)-alpha-D-GlcNAc-di-trans,octa-cis-undecaprenyl diphosphate	C117H195NO57P2	10000000	Primary Database	FNFMEIMQEWXCJM-WAVUSUCISA-N	0	0	0	null	0	10000000.0	10000000.0			null	null	Name: alpha-D-Man-(1->2)-alpha-D-Man-(1->2)-[alpha-D-Man-(1->3)-alpha-D-Man-(1->3)-alpha-D-Man-(1->2)-alpha-D-Man-(1->2)](n)-alpha-D-Man-(1->3)-alpha-D-Man-(1->3)-alpha-D-Man-(1->3)-alpha-D-GlcNAc-di-trans,octa-cis-undecaprenyl diphosphate	CC(=O)N[C@H]1[C@@H](OP(=O)(O)OP(=O)(O)OCC=C(C)CCC=C(C)CCC=C(C)CCC=C(C)CCC=C(C)CCC=C(C)CCC=C(C)CCC=C(C)CCC=C(C)CCC=C(C)CCC=C(C)C)O[C@H](CO)[C@@H](O)[C@@H]1O[C@H]1O[C@H](CO)[C@@H](O)[C@H](O[C@H]2O[C@H](CO)[C@@H](O)[C@H](O[C@H]3O[C@H](CO)[C@@H](O)[C@H](O)[C@@H]3O[C@H]3O[C@H](CO)[C@@H](O)[C@H](O)[C@@H]3O[C@H]3O[C@H](CO)[C@@H](O)[C@H](O[C@H]4O[C@H](CO)[C@@H](O)[C@H](O[C@H]5O[C@H](CO)[C@@H](O)[C@H](O)[C@@H]5O[C@H]5O[C@H](CO)[C@@H](O)[C@H](O)[C@@H]5O[C@H]5O[C@H](CO)[C@@H](O)[C@H](O)[C@@H]5O)[C@@H]4O)[C@@H]3O)[C@@H]2O)[C@@H]1O	
cpd43095	3-O-phospho-alpha-D-Man-(1->2)-alpha-D-Man-(1->2)-[alpha-D-Man-(1->3)-alpha-D-Man-(1->3)-alpha-D-Man-(1->2)-alpha-D-Man-(1->2)](n)-alpha-D-Man-(1->3)-alpha-D-Man-(1->3)-alpha-D-Man-(1->3)-alpha-D-GlcNAc-di-trans,octa-cis-undecaprenyl diphosphate	3-O-phospho-alpha-D-Man-(1->2)-alpha-D-Man-(1->2)-[alpha-D-Man-(1->3)-alpha-D-Man-(1->3)-alpha-D-Man-(1->2)-alpha-D-Man-(1->2)](n)-alpha-D-Man-(1->3)-alpha-D-Man-(1->3)-alpha-D-Man-(1->3)-alpha-D-GlcNAc-di-trans,octa-cis-undecaprenyl diphosphate	C117H196NO60P3	10000000	Primary Database	YDGHPCXLHFPDCK-LKIKWFHXSA-N	0	0	0	null	0	10000000.0	10000000.0			null	null	Name: 3-O-phospho-alpha-D-Man-(1->2)-alpha-D-Man-(1->2)-[alpha-D-Man-(1->3)-alpha-D-Man-(1->3)-alpha-D-Man-(1->2)-alpha-D-Man-(1->2)](n)-alpha-D-Man-(1->3)-alpha-D-Man-(1->3)-alpha-D-Man-(1->3)-alpha-D-GlcNAc-di-trans,octa-cis-undecaprenyl diphosphate	CC(=O)N[C@H]1[C@@H](OP(=O)(O)OP(=O)(O)OCC=C(C)CCC=C(C)CCC=C(C)CCC=C(C)CCC=C(C)CCC=C(C)CCC=C(C)CCC=C(C)CCC=C(C)CCC=C(C)CCC=C(C)C)O[C@H](CO)[C@@H](O)[C@@H]1O[C@H]1O[C@H](CO)[C@@H](O)[C@H](O[C@H]2O[C@H](CO)[C@@H](O)[C@H](O[C@H]3O[C@H](CO)[C@@H](O)[C@H](O)[C@@H]3O[C@H]3O[C@H](CO)[C@@H](O)[C@H](O)[C@@H]3O[C@H]3O[C@H](CO)[C@@H](O)[C@H](O[C@H]4O[C@H](CO)[C@@H](O)[C@H](O[C@H]5O[C@H](CO)[C@@H](O)[C@H](O)[C@@H]5O[C@H]5O[C@H](CO)[C@@H](O)[C@H](O)[C@@H]5O[C@H]5O[C@H](CO)[C@@H](O)[C@H](OP(=O)(O)O)[C@@H]5O)[C@@H]4O)[C@@H]3O)[C@@H]2O)[C@@H]1O	
cpd43096	3-O-methylphospho-alpha-D-Man-(1->2)-alpha-D-Man-(1->2)-[alpha-D-Man-(1->3)-alpha-D-Man-(1->3)-alpha-D-Man-(1->2)-alpha-D-Man-(1->2)](n)-alpha-D-Man-(1->3)-alpha-D-Man-(1->3)-alpha-D-Man-(1->3)-alpha-D-GlcNAc-di-trans,octa-cis-undecaprenyl diphosphate	3-O-methylphospho-alpha-D-Man-(1->2)-alpha-D-Man-(1->2)-[alpha-D-Man-(1->3)-alpha-D-Man-(1->3)-alpha-D-Man-(1->2)-alpha-D-Man-(1->2)](n)-alpha-D-Man-(1->3)-alpha-D-Man-(1->3)-alpha-D-Man-(1->3)-alpha-D-GlcNAc-di-trans,octa-cis-undecaprenyl diphosphate	C118H198NO60P3	10000000	Primary Database	FFOYMTZHPZCAFR-IZWNIFDISA-N	0	0	0	null	0	10000000.0	10000000.0			null	null	Name: 3-O-methylphospho-alpha-D-Man-(1->2)-alpha-D-Man-(1->2)-[alpha-D-Man-(1->3)-alpha-D-Man-(1->3)-alpha-D-Man-(1->2)-alpha-D-Man-(1->2)](n)-alpha-D-Man-(1->3)-alpha-D-Man-(1->3)-alpha-D-Man-(1->3)-alpha-D-GlcNAc-di-trans,octa-cis-undecaprenyl diphosphate	COP(=O)(O)O[C@@H]1[C@H](O)[C@@H](O[C@H]2[C@@H](O)[C@H](O)[C@@H](CO)O[C@@H]2O[C@H]2[C@@H](O)[C@H](O)[C@@H](CO)O[C@@H]2O[C@@H]2[C@H](O)[C@@H](O[C@@H]3[C@H](O)[C@@H](O[C@H]4[C@@H](O)[C@H](O)[C@@H](CO)O[C@@H]4O[C@H]4[C@@H](O)[C@H](O)[C@@H](CO)O[C@@H]4O[C@@H]4[C@H](O)[C@@H](O[C@@H]5[C@H](O)[C@@H](O[C@H]6[C@H](O)[C@@H](CO)O[C@H](OP(=O)(O)OP(=O)(O)OCC=C(C)CCC=C(C)CCC=C(C)CCC=C(C)CCC=C(C)CCC=C(C)CCC=C(C)CCC=C(C)CCC=C(C)CCC=C(C)CCC=C(C)C)[C@@H]6NC(C)=O)O[C@H](CO)[C@H]5O)O[C@H](CO)[C@H]4O)O[C@H](CO)[C@H]3O)O[C@H](CO)[C@H]2O)O[C@H](CO)[C@H]1O	
cpd43097	a plastoquinol	a plastoquinol	C13H18O2	10000000	Primary Database	WKFUDLTXRQQGHB-UHFFFAOYSA-N	0	0	0	null	0	10000000.0	10000000.0			null	null	Name: a plastoquinol	CC(C)=CCc1cc(O)c(C)c(C)c1O	
cpd43098	a plastoquinone	a plastoquinone	C13H16O2	10000000	Primary Database	CBXCRKHVZIOJIS-UHFFFAOYSA-N	0	0	0	null	0	10000000.0	10000000.0			null	null	Name: a plastoquinone	CC(C)=C=Cc1cc(O)c(C)c(C)c1O	
cpd43099	a 2-demethylmenaquinol	a 2-demethylmenaquinol	C15H16O2	10000000	Primary Database	RCAWOWBPYYYZPZ-UHFFFAOYSA-N	0	0	0	null	0	10000000.0	10000000.0			null	null	Name: a 2-demethylmenaquinol	CC(C)=CCc1cc(O)c2ccccc2c1O	
cpd43100	an all-trans-polyprenyl diphosphate	an all-trans-polyprenyl diphosphate	C5H12O7P2	10000000	Primary Database	CBIDRCWHNCKSTO-UHFFFAOYSA-N	0	0	0	null	0	10000000.0	10000000.0			null	null	Name: an all-trans-polyprenyl diphosphate	CC(C)=CCOP(=O)(O)OP(=O)(O)O	
cpd43101	a ubiquinone	a ubiquinone	C14H18O4	10000000	Primary Database	UZNMTFLOQQGHHI-UHFFFAOYSA-N	0	0	0	null	0	10000000.0	10000000.0			null	null	Name: a ubiquinone	COc1c(O)c(C)c(C=C=C(C)C)c(O)c1OC	
cpd43102	a ubiquinol	a ubiquinol	C14H20O4	10000000	Primary Database	TVLSKGDBUQMDPR-UHFFFAOYSA-N	0	0	0	null	0	10000000.0	10000000.0			null	null	Name: a ubiquinol	COc1c(O)c(C)c(CC=C(C)C)c(O)c1OC	
cpd43103	[GlcNAc-(1->4)-Mur2Ac(oyl-L-Ala-gamma-D-Glu-L-Lys-D-Ala-D-Ala)](n)-di-trans,octa-cis-undecaprenyl diphosphate	[GlcNAc-(1->4)-Mur2Ac(oyl-L-Ala-gamma-D-Glu-L-Lys-D-Ala-D-Ala)](n)-di-trans,octa-cis-undecaprenyl diphosphate	C94H156N8O26P2	10000000	Primary Database	ULXTYUPMJXVUHQ-PDZUPCNXSA-N	0	0	0	null	0	10000000.0	10000000.0			null	null	Name: [GlcNAc-(1->4)-Mur2Ac(oyl-L-Ala-gamma-D-Glu-L-Lys-D-Ala-D-Ala)](n)-di-trans,octa-cis-undecaprenyl diphosphate	CC(=O)N[C@H]1[C@H](O[C@@H]2[C@@H](CO)O[C@H](OP(=O)(O)OP(=O)(O)OCC=C(C)CCC=C(C)CCC=C(C)CCC=C(C)CCC=C(C)CCC=C(C)CCC=C(C)CCC=C(C)CCC=C(C)CCC=C(C)CCC=C(C)C)[C@H](NC(C)=O)[C@H]2O[C@H](C)C(=O)N[C@@H](C)C(=O)N[C@H](CCC(=O)N[C@@H](CCCCN)C(=O)N[C@H](C)C(=O)N[C@H](C)C(=O)O)C(=O)O)O[C@H](CO)[C@@H](O)[C@@H]1O	
cpd43104	[GlcNAc-(1->4)-Mur2Ac(oyl-L-Ala-gamma-D-Glu-L-Lys-D-Ala-D-Ala)](n+1)-di-trans-octa-cis-undecaprenyl diphosphate	[GlcNAc-(1->4)-Mur2Ac(oyl-L-Ala-gamma-D-Glu-L-Lys-D-Ala-D-Ala)](n+1)-di-trans-octa-cis-undecaprenyl diphosphate	C94H156N8O26P2	10000000	Primary Database	ULXTYUPMJXVUHQ-PDZUPCNXSA-N	0	0	0	null	0	10000000.0	10000000.0			null	null	Name: [GlcNAc-(1->4)-Mur2Ac(oyl-L-Ala-gamma-D-Glu-L-Lys-D-Ala-D-Ala)](n+1)-di-trans-octa-cis-undecaprenyl diphosphate	CC(=O)N[C@H]1[C@H](O[C@@H]2[C@@H](CO)O[C@H](OP(=O)(O)OP(=O)(O)OCC=C(C)CCC=C(C)CCC=C(C)CCC=C(C)CCC=C(C)CCC=C(C)CCC=C(C)CCC=C(C)CCC=C(C)CCC=C(C)CCC=C(C)C)[C@H](NC(C)=O)[C@H]2O[C@H](C)C(=O)N[C@@H](C)C(=O)N[C@H](CCC(=O)N[C@@H](CCCCN)C(=O)N[C@H](C)C(=O)N[C@H](C)C(=O)O)C(=O)O)O[C@H](CO)[C@@H](O)[C@@H]1O	
cpd43105	an alkane-alpha,omega-diamine	an alkane-alpha,omega-diamine	C3H10N2	10000000	Primary Database	XFNJVJPLKCPIBV-UHFFFAOYSA-N	0	0	0	null	0	10000000.0	10000000.0			null	null	Name: an alkane-alpha,omega-diamine	NCCCN	
cpd43106	an N-acetylalkane-alpha,omega-diamine	an N-acetylalkane-alpha,omega-diamine	C5H12N2O	10000000	Primary Database	YFZBPSXRYCOKCW-UHFFFAOYSA-N	0	0	0	null	0	10000000.0	10000000.0			null	null	Name: an N-acetylalkane-alpha,omega-diamine	CC(=O)NCCCN	
cpd43107	[N-(6-aminohexanoyl)](n)	[N-(6-aminohexanoyl)](n)	C12H24N2O3	10000000	Primary Database	IWENLYKHSZCPRD-UHFFFAOYSA-N	0	0	0	null	0	10000000.0	10000000.0			null	null	Name: [N-(6-aminohexanoyl)](n)	NCCCCCC(=O)NCCCCCC(=O)O	
cpd43108	chondroitin beta-D-glucuronate	chondroitin beta-D-glucuronate	C14H23NO12	10000000	Primary Database	LJORHONFMDUUHP-YHCGEDBISA-N	0	0	0	null	0	10000000.0	10000000.0			null	null	Name: chondroitin beta-D-glucuronate	CC(=O)N[C@H]1[C@H](O)O[C@H](CO)[C@H](O)[C@@H]1O[C@@H]1O[C@H](C(=O)O)[C@@H](O)[C@H](O)[C@H]1O	
cpd43109	alpha-D-glucosaminyl-[heparan sulfate](n)	alpha-D-glucosaminyl-[heparan sulfate](n)	C18H32N2O24S3	10000000	Primary Database	JAXHHZAWQAGVNS-BCMGMHEASA-N	0	0	0	null	0	10000000.0	10000000.0			null	null	Name: alpha-D-glucosaminyl-[heparan sulfate](n)	N[C@H]1[C@@H](O[C@H]2[C@H](O)[C@@H](OS(=O)(=O)O)[C@H](O[C@@H]3[C@@H](COS(=O)(=O)O)O[C@H](O)[C@H](NS(=O)(=O)O)[C@H]3O)O[C@H]2C(=O)O)O[C@H](CO)[C@@H](O)[C@@H]1O	
cpd43110	3-sulfo-alpha-D-glucosaminyl-[heparan sulfate](n)	3-sulfo-alpha-D-glucosaminyl-[heparan sulfate](n)	C18H32N2O27S4	10000000	Primary Database	VSXIOTKSXGXRCF-IMFNMLJDSA-N	0	0	0	null	0	10000000.0	10000000.0			null	null	Name: 3-sulfo-alpha-D-glucosaminyl-[heparan sulfate](n)	N[C@H]1[C@@H](O[C@H]2[C@H](O)[C@@H](OS(=O)(=O)O)[C@H](O[C@@H]3[C@@H](COS(=O)(=O)O)O[C@H](O)[C@H](NS(=O)(=O)O)[C@H]3O)O[C@H]2C(=O)O)O[C@H](CO)[C@@H](O)[C@@H]1OS(=O)(=O)O	
cpd43111	dermatan 4'-sulfate	dermatan 4'-sulfate	C14H23NO15S	10000000	Primary Database	AVJBPWGFOQAPRH-FWMKGIEWSA-N	0	0	0	null	0	10000000.0	10000000.0			null	null	Name: dermatan 4'-sulfate	CC(=O)N[C@H]1[C@H](O)O[C@H](CO)[C@H](OS(=O)(=O)O)[C@@H]1O[C@@H]1O[C@@H](C(=O)O)[C@@H](O)[C@H](O)[C@H]1O	
