id	abbreviation	name	code	stoichiometry	is_transport	equation	definition	reversibility	abstract_reaction	pathways	aliases	ec_numbers	deltag	deltagerr	compound_ids	status	is_obsolete	linked_reaction	notes	source
rxn57000	70527	70527	(1) cpd00004[0] + (1) cpd39436[0] <=> (1) cpd08908[0] + (1) cpd00003[0]	-1:cpd00004:0:"NADH";-1:cpd00067:0:"H+";-1:cpd39436:0:"N-acyl-3-ketosphinganine";1:cpd00003:0:"NAD";1:cpd08908:0:"Dihydroceramide"	0	(1) cpd00067[0] + (1) cpd00004[0] + (1) cpd39436[0] <=> (1) cpd08908[0] + (1) cpd00003[0]	(1) H+[0] + (1) NADH[0] + (1) N-acyl-3-ketosphinganine[0] <=> (1) Dihydroceramide[0] + (1) NAD[0]	=	null	null	null	null	10000000	10000000	cpd00003;cpd00004;cpd00067;cpd08908;cpd39436	CPDFORMERROR	0	null		Primary Database
rxn57001	70531	70531	(1) cpd00037[0] + (1) cpd42850[0] <=> (1) cpd42849[0] + (1) cpd00014[0]	-1:cpd00037:0:"UDP-N-acetylglucosamine";-1:cpd42850:0:"3-O-(alpha-L-fucosyl)-L-threonyl-[EGF-like domain protein]";1:cpd00014:0:"UDP";1:cpd00067:0:"H+";1:cpd42849:0:"3-O-(N-acetyl-beta-D-glucosaminyl-(1->3)-alpha-L-fucosyl)-L-threonyl-[EGF-like domain protein]"	0	(1) cpd00037[0] + (1) cpd42850[0] <=> (1) cpd42849[0] + (1) cpd00067[0] + (1) cpd00014[0]	(1) UDP-N-acetylglucosamine[0] + (1) 3-O-(alpha-L-fucosyl)-L-threonyl-[EGF-like domain protein][0] <=> (1) 3-O-(N-acetyl-beta-D-glucosaminyl-(1->3)-alpha-L-fucosyl)-L-threonyl-[EGF-like domain protein][0] + (1) H+[0] + (1) UDP[0]	=	null	null	null	null	10000000	10000000	cpd00014;cpd00037;cpd00067;cpd42849;cpd42850	CPDFORMERROR	0	null		Primary Database
rxn57002	70535	70535	(1) cpd00272[0] + (1) cpd42601[0] <=> (1) cpd00031[0] + (1) cpd42846[0]	-1:cpd00272:0:"GDP-L-fucose";-1:cpd42601:0:"L-seryl-[EGF-like domain protein]";1:cpd00031:0:"GDP";1:cpd00067:0:"H+";1:cpd42846:0:"3-O-(alpha-L-fucosyl)-L-seryl-[EGF-like domain protein]"	0	(1) cpd00272[0] + (1) cpd42601[0] <=> (1) cpd00031[0] + (1) cpd00067[0] + (1) cpd42846[0]	(1) GDP-L-fucose[0] + (1) L-seryl-[EGF-like domain protein][0] <=> (1) GDP[0] + (1) H+[0] + (1) 3-O-(alpha-L-fucosyl)-L-seryl-[EGF-like domain protein][0]	=	null	null	null	null	10000000	10000000	cpd00031;cpd00067;cpd00272;cpd42601;cpd42846	CPDFORMERROR	0	null		Primary Database
rxn57003	70539	70539	(1) cpd00272[0] + (1) cpd42852[0] <=> (1) cpd42850[0] + (1) cpd00031[0]	-1:cpd00272:0:"GDP-L-fucose";-1:cpd42852:0:"L-threonyl-[EGF-like domain protein]";1:cpd00031:0:"GDP";1:cpd00067:0:"H+";1:cpd42850:0:"3-O-(alpha-L-fucosyl)-L-threonyl-[EGF-like domain protein]"	0	(1) cpd00272[0] + (1) cpd42852[0] <=> (1) cpd42850[0] + (1) cpd00067[0] + (1) cpd00031[0]	(1) GDP-L-fucose[0] + (1) L-threonyl-[EGF-like domain protein][0] <=> (1) 3-O-(alpha-L-fucosyl)-L-threonyl-[EGF-like domain protein][0] + (1) H+[0] + (1) GDP[0]	=	null	null	null	null	10000000	10000000	cpd00031;cpd00067;cpd00272;cpd42850;cpd42852	CPDFORMERROR	0	null		Primary Database
rxn57004	70543	70543	(1) cpd42844[0] + (1) cpd00026[0] <=> (1) cpd42853[0] + (1) cpd00014[0]	-1:cpd00026:0:"UDP-glucose";-1:cpd42844:0:"3-O-(alpha-L-fucosyl)-L-seryl-[protein]";1:cpd00014:0:"UDP";1:cpd00067:0:"H+";1:cpd42853:0:"3-O-(beta-D-glucosyl-(1->3)-alpha-L-fucosyl)-L-seryl-[protein]"	0	(1) cpd42844[0] + (1) cpd00026[0] <=> (1) cpd00067[0] + (1) cpd42853[0] + (1) cpd00014[0]	(1) 3-O-(alpha-L-fucosyl)-L-seryl-[protein][0] + (1) UDP-glucose[0] <=> (1) H+[0] + (1) 3-O-(beta-D-glucosyl-(1->3)-alpha-L-fucosyl)-L-seryl-[protein][0] + (1) UDP[0]	=	null	null	null	null	10000000	10000000	cpd00014;cpd00026;cpd00067;cpd42844;cpd42853	CPDFORMERROR	0	null		Primary Database
rxn57005	70547	70547	(1) cpd42845[0] + (1) cpd00026[0] <=> (1) cpd42854[0] + (1) cpd00014[0]	-1:cpd00026:0:"UDP-glucose";-1:cpd42845:0:"3-O-(alpha-L-fucosyl)-L-threonyl-[protein]";1:cpd00014:0:"UDP";1:cpd00067:0:"H+";1:cpd42854:0:"3-O-(beta-D-glucosyl-(1->3)-alpha-L-fucosyl)-L-threonyl-[protein]"	0	(1) cpd42845[0] + (1) cpd00026[0] <=> (1) cpd00067[0] + (1) cpd42854[0] + (1) cpd00014[0]	(1) 3-O-(alpha-L-fucosyl)-L-threonyl-[protein][0] + (1) UDP-glucose[0] <=> (1) H+[0] + (1) 3-O-(beta-D-glucosyl-(1->3)-alpha-L-fucosyl)-L-threonyl-[protein][0] + (1) UDP[0]	=	null	null	null	null	10000000	10000000	cpd00014;cpd00026;cpd00067;cpd42845;cpd42854	CPDFORMERROR	0	null		Primary Database
rxn57006	70551	70551	(1) cpd42849[0] + (1) cpd30770[0] <=> (1) cpd00014[0] + (1) cpd42851[0]	-1:cpd30770:0:"UDP-D-galactopyranose";-1:cpd42849:0:"3-O-(N-acetyl-beta-D-glucosaminyl-(1->3)-alpha-L-fucosyl)-L-threonyl-[EGF-like domain protein]";1:cpd00014:0:"UDP";1:cpd00067:0:"H+";1:cpd42851:0:"3-O-(beta-D-Gal-(1->4)-beta-D-GlcNAc-(1->3)-alpha-L-Fuc)-L-threonyl-[EGF-like domain protein]"	0	(1) cpd42849[0] + (1) cpd30770[0] <=> (1) cpd00067[0] + (1) cpd00014[0] + (1) cpd42851[0]	(1) 3-O-(N-acetyl-beta-D-glucosaminyl-(1->3)-alpha-L-fucosyl)-L-threonyl-[EGF-like domain protein][0] + (1) UDP-D-galactopyranose[0] <=> (1) H+[0] + (1) UDP[0] + (1) 3-O-(beta-D-Gal-(1->4)-beta-D-GlcNAc-(1->3)-alpha-L-Fuc)-L-threonyl-[EGF-like domain protein][0]	=	null	null	null	null	10000000	10000000	cpd00014;cpd00067;cpd30770;cpd42849;cpd42851	CPDFORMERROR	0	null		Primary Database
rxn57007	70563	70563	(1) cpd00001[0] + (1) cpd00003[0] + (1) cpd42247[0] <=> (1) cpd39452[0] + (1) cpd00133[0] + (1) cpd42896[0]	-1:cpd00001:0:"H2O";-1:cpd00003:0:"NAD";-1:cpd42247:0:"N(6)-hexadecanoyl-L-lysyl-[protein]";1:cpd00133:0:"Nicotinamide";1:cpd39452:0:"2''-O-hexadecanoyl-ADP-D-ribose";1:cpd42896:0:"L-lysyl-[protein]"	0	(1) cpd00001[0] + (1) cpd00003[0] + (1) cpd42247[0] <=> (1) cpd39452[0] + (1) cpd00133[0] + (1) cpd42896[0]	(1) H2O[0] + (1) NAD[0] + (1) N(6)-hexadecanoyl-L-lysyl-[protein][0] <=> (1) 2''-O-hexadecanoyl-ADP-D-ribose[0] + (1) Nicotinamide[0] + (1) L-lysyl-[protein][0]	=	null	null	null	null	10000000	10000000	cpd00001;cpd00003;cpd00133;cpd39452;cpd42247;cpd42896	CPDFORMERROR	0	null		Primary Database
rxn57008	70567	70567	(1) cpd00001[0] + (1) cpd42474[0] + (1) cpd00003[0] <=> (1) cpd39453[0] + (1) cpd42896[0] + (1) cpd00133[0]	-1:cpd00001:0:"H2O";-1:cpd00003:0:"NAD";-1:cpd42474:0:"N(6)-tetradecanoyl-L-lysyl-[protein]";1:cpd00133:0:"Nicotinamide";1:cpd39453:0:"2''-O-tetradecanoyl-ADP-D-ribose";1:cpd42896:0:"L-lysyl-[protein]"	0	(1) cpd00001[0] + (1) cpd42474[0] + (1) cpd00003[0] <=> (1) cpd39453[0] + (1) cpd42896[0] + (1) cpd00133[0]	(1) H2O[0] + (1) N(6)-tetradecanoyl-L-lysyl-[protein][0] + (1) NAD[0] <=> (1) 2''-O-tetradecanoyl-ADP-D-ribose[0] + (1) L-lysyl-[protein][0] + (1) Nicotinamide[0]	=	null	null	null	null	10000000	10000000	cpd00001;cpd00003;cpd00133;cpd39453;cpd42474;cpd42896	CPDFORMERROR	0	null		Primary Database
rxn57009	70571	70571	(1) cpd00971[1] + (1) cpd00027[1] <=> (1) cpd00027[0] + (1) cpd00971[0]	-1:cpd00027:1:"D-Glucose";-1:cpd00971:1:"Na+";1:cpd00027:0:"D-Glucose";1:cpd00971:0:"Na+"	0	(1) cpd00971[1] + (1) cpd00027[1] <=> (1) cpd00027[0] + (1) cpd00971[0]	(1) Na+[1] + (1) D-Glucose[1] <=> (1) D-Glucose[0] + (1) Na+[0]	=	null	null	null	null	10000000	10000000	cpd00027;cpd00971	OK	0	null		Primary Database
rxn57010	70575	70575	(1) cpd24439[0] + (1) cpd00001[0] <=> (1) cpd00091[0]	-1:cpd00001:0:"H2O";-1:cpd24439:0:"uridine 3'5'-cyclic monophosphate";1:cpd00067:0:"H+";1:cpd00091:0:"UMP"	0	(1) cpd24439[0] + (1) cpd00001[0] <=> (1) cpd00067[0] + (1) cpd00091[0]	(1) uridine 3'5'-cyclic monophosphate[0] + (1) H2O[0] <=> (1) H+[0] + (1) UMP[0]	=	null	null	null	null	10000000	10000000	cpd00001;cpd00067;cpd00091;cpd24439	OK	0	null		Primary Database
rxn57011	70579	70579	(1) cpd40268[0] + (1) cpd00327[0] <=> (1) cpd00010[0] + (1) cpd25140[0]	-1:cpd00327:0:"strcoa";-1:cpd40268:0:"2-(9Z-octadecenoyl)-sn-glycero-3-phosphoethanolamine";1:cpd00010:0:"CoA";1:cpd25140:0:"1-18:0-2-18:1-phosphatidylethanolamine"	0	(1) cpd40268[0] + (1) cpd00327[0] <=> (1) cpd00010[0] + (1) cpd25140[0]	(1) 2-(9Z-octadecenoyl)-sn-glycero-3-phosphoethanolamine[0] + (1) strcoa[0] <=> (1) CoA[0] + (1) 1-18:0-2-18:1-phosphatidylethanolamine[0]	=	null	null	null	null	10000000	10000000	cpd00010;cpd00327;cpd25140;cpd40268	CPDFORMERROR	0	null		Primary Database
rxn57012	70583	70583	(1) cpd00327[0] + (1) cpd39814[0] <=> (1) cpd00010[0] + (1) cpd39457[0]	-1:cpd00327:0:"strcoa";-1:cpd39814:0:"2-acyl-lysophosphatidylethanolamine zwitterion";1:cpd00010:0:"CoA";1:cpd39457:0:"1-octadecanoyl-2-acyl-sn-glycero-3-phosphoethanolamine"	0	(1) cpd00327[0] + (1) cpd39814[0] <=> (1) cpd00010[0] + (1) cpd39457[0]	(1) strcoa[0] + (1) 2-acyl-lysophosphatidylethanolamine zwitterion[0] <=> (1) CoA[0] + (1) 1-octadecanoyl-2-acyl-sn-glycero-3-phosphoethanolamine[0]	=	null	null	null	null	10000000	10000000	cpd00010;cpd00327;cpd39457;cpd39814	CPDFORMERROR	0	null		Primary Database
rxn57013	70587	70587	(1) cpd42943[0] + (1) cpd00001[0] <=> (1) cpd43109[0] + (1) cpd00029[0]	-1:cpd00001:0:"H2O";-1:cpd42943:0:"N-acetyl-alpha-D-glucosaminyl-[heparan sulfate](n)";1:cpd00029:0:"Acetate";1:cpd43109:0:"alpha-D-glucosaminyl-[heparan sulfate](n)"	0	(1) cpd42943[0] + (1) cpd00001[0] <=> (1) cpd43109[0] + (1) cpd00029[0]	(1) N-acetyl-alpha-D-glucosaminyl-[heparan sulfate](n)[0] + (1) H2O[0] <=> (1) alpha-D-glucosaminyl-[heparan sulfate](n)[0] + (1) Acetate[0]	=	null	null	null	null	10000000	10000000	cpd00001;cpd00029;cpd42943;cpd43109	CPDFORMERROR	0	null		Primary Database
rxn57014	70591	70591	(1) cpd40268[0] + (1) cpd00134[0] <=> (1) cpd00010[0] + (1) cpd09690[0]	-1:cpd00134:0:"Palmitoyl-CoA";-1:cpd40268:0:"2-(9Z-octadecenoyl)-sn-glycero-3-phosphoethanolamine";1:cpd00010:0:"CoA";1:cpd09690:0:"1-Hexadecanoyl-2-(9Z-octadecenoyl)-sn-glycero-3-phosphoethanolamine"	0	(1) cpd40268[0] + (1) cpd00134[0] <=> (1) cpd00010[0] + (1) cpd09690[0]	(1) 2-(9Z-octadecenoyl)-sn-glycero-3-phosphoethanolamine[0] + (1) Palmitoyl-CoA[0] <=> (1) CoA[0] + (1) 1-Hexadecanoyl-2-(9Z-octadecenoyl)-sn-glycero-3-phosphoethanolamine[0]	=	null	null	null	null	10000000	10000000	cpd00010;cpd00134;cpd09690;cpd40268	CPDFORMERROR	0	null		Primary Database
rxn57015	70595	70595	(1) cpd39814[0] + (1) cpd00134[0] <=> (1) cpd40475[0] + (1) cpd00010[0]	-1:cpd00134:0:"Palmitoyl-CoA";-1:cpd39814:0:"2-acyl-lysophosphatidylethanolamine zwitterion";1:cpd00010:0:"CoA";1:cpd40475:0:"1-hexadecanoyl-2-acyl-sn-glycero-3-phosphoethanolamine"	0	(1) cpd39814[0] + (1) cpd00134[0] <=> (1) cpd40475[0] + (1) cpd00010[0]	(1) 2-acyl-lysophosphatidylethanolamine zwitterion[0] + (1) Palmitoyl-CoA[0] <=> (1) 1-hexadecanoyl-2-acyl-sn-glycero-3-phosphoethanolamine[0] + (1) CoA[0]	=	null	null	null	null	10000000	10000000	cpd00010;cpd00134;cpd39814;cpd40475	CPDFORMERROR	0	null		Primary Database
rxn57016	70599	70599	(1) cpd39814[0] + (1) cpd40522[0] <=> (1) cpd39781[0] + (1) cpd00010[0]	-1:cpd39814:0:"2-acyl-lysophosphatidylethanolamine zwitterion";-1:cpd40522:0:"a fatty acyl-CoA";1:cpd00010:0:"CoA";1:cpd39781:0:"(2R)-1,2-diacylglycero-3-phosphoethanolamine zwitterion"	0	(1) cpd39814[0] + (1) cpd40522[0] <=> (1) cpd39781[0] + (1) cpd00010[0]	(1) 2-acyl-lysophosphatidylethanolamine zwitterion[0] + (1) a fatty acyl-CoA[0] <=> (1) (2R)-1,2-diacylglycero-3-phosphoethanolamine zwitterion[0] + (1) CoA[0]	=	null	null	null	null	10000000	10000000	cpd00010;cpd39781;cpd39814;cpd40522	CPDFORMERROR	0	null		Primary Database
rxn57017	70607	70607	(1) cpd09488[0] + (1) cpd00044[0] <=> (1) cpd00045[0] + (1) cpd37430[0]	-1:cpd00044:0:"3-phosphoadenylylsulfate";-1:cpd09488:0:"p-Ethylphenol";1:cpd00045:0:"Adenosine 3-5-bisphosphate";1:cpd00067:0:"H+";1:cpd37430:0:"4-ethylphenyl sulfate"	0	(1) cpd09488[0] + (1) cpd00044[0] <=> (1) cpd00045[0] + (1) cpd00067[0] + (1) cpd37430[0]	(1) p-Ethylphenol[0] + (1) 3-phosphoadenylylsulfate[0] <=> (1) Adenosine 3-5-bisphosphate[0] + (1) H+[0] + (1) 4-ethylphenyl sulfate[0]	=	null	null	null	null	10000000	10000000	cpd00044;cpd00045;cpd00067;cpd09488;cpd37430	CPDFORMERROR	0	null		Primary Database
rxn57018	70611	70611	(1) cpd42896[0] + (1) cpd11466[0] <=> (1) cpd11493[0] + (1) cpd42474[0]	-1:cpd11466:0:"Myristoyl-ACP";-1:cpd42896:0:"L-lysyl-[protein]";1:cpd00067:0:"H+";1:cpd11493:0:"ACP";1:cpd42474:0:"N(6)-tetradecanoyl-L-lysyl-[protein]"	0	(1) cpd42896[0] + (1) cpd11466[0] <=> (1) cpd11493[0] + (1) cpd00067[0] + (1) cpd42474[0]	(1) L-lysyl-[protein][0] + (1) Myristoyl-ACP[0] <=> (1) ACP[0] + (1) H+[0] + (1) N(6)-tetradecanoyl-L-lysyl-[protein][0]	=	null	null	null	null	10000000	10000000	cpd00067;cpd11466;cpd11493;cpd42474;cpd42896	CPDFORMERROR	0	null		Primary Database
rxn57019	70615	70615	(1) cpd11476[0] + (1) cpd42896[0] <=> (1) cpd42247[0] + (1) cpd11493[0]	-1:cpd11476:0:"hexadecanoyl-acp";-1:cpd42896:0:"L-lysyl-[protein]";1:cpd00067:0:"H+";1:cpd11493:0:"ACP";1:cpd42247:0:"N(6)-hexadecanoyl-L-lysyl-[protein]"	0	(1) cpd11476[0] + (1) cpd42896[0] <=> (1) cpd00067[0] + (1) cpd42247[0] + (1) cpd11493[0]	(1) hexadecanoyl-acp[0] + (1) L-lysyl-[protein][0] <=> (1) H+[0] + (1) N(6)-hexadecanoyl-L-lysyl-[protein][0] + (1) ACP[0]	=	null	null	null	null	10000000	10000000	cpd00067;cpd11476;cpd11493;cpd42247;cpd42896	CPDFORMERROR	0	null		Primary Database
rxn57020	70619	70619	(1) cpd40109[0] + (1) cpd00017[0] <=> (1) cpd00019[0] + (1) cpd41046[0]	-1:cpd00017:0:"S-Adenosyl-L-methionine";-1:cpd40109:0:"1,2-di-(9Z-octadecenoyl)-sn-glycero-3-phosphoethanolamine";1:cpd00019:0:"S-Adenosyl-homocysteine";1:cpd00067:0:"H+";1:cpd41046:0:"(2R)-2,3-bis{[(9Z)-octadec-9-enoyl]oxy}propyl 2-(methylazaniumyl)ethyl phosphate"	0	(1) cpd40109[0] + (1) cpd00017[0] <=> (1) cpd00067[0] + (1) cpd00019[0] + (1) cpd41046[0]	(1) 1,2-di-(9Z-octadecenoyl)-sn-glycero-3-phosphoethanolamine[0] + (1) S-Adenosyl-L-methionine[0] <=> (1) H+[0] + (1) S-Adenosyl-homocysteine[0] + (1) (2R)-2,3-bis{[(9Z)-octadec-9-enoyl]oxy}propyl 2-(methylazaniumyl)ethyl phosphate[0]	=	null	null	null	null	10000000	10000000	cpd00017;cpd00019;cpd00067;cpd40109;cpd41046	CPDFORMERROR	0	null		Primary Database
rxn57021	70623	70623	(1) cpd41047[0] + (1) cpd00017[0] <=> (1) cpd00019[0] + (1) cpd40083[0]	-1:cpd00017:0:"S-Adenosyl-L-methionine";-1:cpd41047:0:"(2R)-2,3-bis{[(9Z)-octadec-9-enoyl]oxy}propyl 2-(dimethylazaniumyl)ethyl phosphate";1:cpd00019:0:"S-Adenosyl-homocysteine";1:cpd00067:0:"H+";1:cpd40083:0:"(2R)-2,3-bis[(9Z)-octadec-9-enoyloxy]propyl 2-(trimethylazaniumyl)ethyl phosphate"	0	(1) cpd41047[0] + (1) cpd00017[0] <=> (1) cpd00019[0] + (1) cpd00067[0] + (1) cpd40083[0]	(1) (2R)-2,3-bis{[(9Z)-octadec-9-enoyl]oxy}propyl 2-(dimethylazaniumyl)ethyl phosphate[0] + (1) S-Adenosyl-L-methionine[0] <=> (1) S-Adenosyl-homocysteine[0] + (1) H+[0] + (1) (2R)-2,3-bis[(9Z)-octadec-9-enoyloxy]propyl 2-(trimethylazaniumyl)ethyl phosphate[0]	=	null	null	null	null	10000000	10000000	cpd00017;cpd00019;cpd00067;cpd40083;cpd41047	CPDFORMERROR	0	null		Primary Database
rxn57022	70627	70627	(1) cpd00003[0] + (1) cpd42856[0] + (1) cpd00001[0] <=> (1) cpd39454[0] + (1) cpd00133[0] + (1) cpd42896[0]	-1:cpd00001:0:"H2O";-1:cpd00003:0:"NAD";-1:cpd42856:0:"N(6)-dodecanoyl-L-lysyl-[protein]";1:cpd00133:0:"Nicotinamide";1:cpd39454:0:"2''-O-dodecanoyl-ADP-D-ribose";1:cpd42896:0:"L-lysyl-[protein]"	0	(1) cpd00003[0] + (1) cpd42856[0] + (1) cpd00001[0] <=> (1) cpd39454[0] + (1) cpd00133[0] + (1) cpd42896[0]	(1) NAD[0] + (1) N(6)-dodecanoyl-L-lysyl-[protein][0] + (1) H2O[0] <=> (1) 2''-O-dodecanoyl-ADP-D-ribose[0] + (1) Nicotinamide[0] + (1) L-lysyl-[protein][0]	=	null	null	null	null	10000000	10000000	cpd00001;cpd00003;cpd00133;cpd39454;cpd42856;cpd42896	CPDFORMERROR	0	null		Primary Database
rxn57023	70631	70631	(1) cpd00003[0] + (1) cpd00001[0] + (1) cpd42855[0] <=> (1) cpd39455[0] + (1) cpd42896[0] + (1) cpd00133[0]	-1:cpd00001:0:"H2O";-1:cpd00003:0:"NAD";-1:cpd42855:0:"N(6)-decanoyl-L-lysyl-[protein]";1:cpd00133:0:"Nicotinamide";1:cpd39455:0:"2''-O-decanoyl-ADP-D-ribose";1:cpd42896:0:"L-lysyl-[protein]"	0	(1) cpd00003[0] + (1) cpd00001[0] + (1) cpd42855[0] <=> (1) cpd39455[0] + (1) cpd42896[0] + (1) cpd00133[0]	(1) NAD[0] + (1) H2O[0] + (1) N(6)-decanoyl-L-lysyl-[protein][0] <=> (1) 2''-O-decanoyl-ADP-D-ribose[0] + (1) L-lysyl-[protein][0] + (1) Nicotinamide[0]	=	null	null	null	null	10000000	10000000	cpd00001;cpd00003;cpd00133;cpd39455;cpd42855;cpd42896	CPDFORMERROR	0	null		Primary Database
rxn57024	70635	70635	(1) cpd00001[0] + (1) cpd42921[0] + (1) cpd00003[0] <=> (1) cpd42896[0] + (1) cpd00133[0] + (1) cpd39456[0]	-1:cpd00001:0:"H2O";-1:cpd00003:0:"NAD";-1:cpd42921:0:"N(6)-octanoyl-L-lysyl-[protein]";1:cpd00133:0:"Nicotinamide";1:cpd39456:0:"2''-O-octanoyl-ADP-D-ribose";1:cpd42896:0:"L-lysyl-[protein]"	0	(1) cpd00001[0] + (1) cpd42921[0] + (1) cpd00003[0] <=> (1) cpd42896[0] + (1) cpd00133[0] + (1) cpd39456[0]	(1) H2O[0] + (1) N(6)-octanoyl-L-lysyl-[protein][0] + (1) NAD[0] <=> (1) L-lysyl-[protein][0] + (1) Nicotinamide[0] + (1) 2''-O-octanoyl-ADP-D-ribose[0]	=	null	null	null	null	10000000	10000000	cpd00001;cpd00003;cpd00133;cpd39456;cpd42896;cpd42921	CPDFORMERROR	0	null		Primary Database
rxn57025	70639	70639	(1) cpd00003[0] + (1) cpd00001[0] + (1) cpd42859[0] <=> (1) cpd42896[0] + (1) cpd00133[0] + (1) cpd39458[0]	-1:cpd00001:0:"H2O";-1:cpd00003:0:"NAD";-1:cpd42859:0:"N(6)-hexanoyl-L-lysyl-[protein]";1:cpd00133:0:"Nicotinamide";1:cpd39458:0:"2''-O-hexanoyl-ADP-D-ribose";1:cpd42896:0:"L-lysyl-[protein]"	0	(1) cpd00003[0] + (1) cpd00001[0] + (1) cpd42859[0] <=> (1) cpd42896[0] + (1) cpd00133[0] + (1) cpd39458[0]	(1) NAD[0] + (1) H2O[0] + (1) N(6)-hexanoyl-L-lysyl-[protein][0] <=> (1) L-lysyl-[protein][0] + (1) Nicotinamide[0] + (1) 2''-O-hexanoyl-ADP-D-ribose[0]	=	null	null	null	null	10000000	10000000	cpd00001;cpd00003;cpd00133;cpd39458;cpd42859;cpd42896	CPDFORMERROR	0	null		Primary Database
rxn57026	70643	70643	(1) cpd00567[1] <=> (1) cpd00567[0]	-1:cpd00067:1:"H+";-1:cpd00567:1:"D-Proline";1:cpd00067:0:"H+";1:cpd00567:0:"D-Proline"	0	(1) cpd00567[1] + (1) cpd00067[1] <=> (1) cpd00567[0] + (1) cpd00067[0]	(1) D-Proline[1] + (1) H+[1] <=> (1) D-Proline[0] + (1) H+[0]	=	null	null	null	null	10000000	10000000	cpd00067;cpd00567	OK	0	null		Primary Database
rxn57027	70651	70651	(1) cpd42896[0] + (1) cpd41680[0] <=> (1) cpd11493[0] + (1) cpd42860[0]	-1:cpd41680:0:"(9Z)-hexadecenoyl-[ACP]";-1:cpd42896:0:"L-lysyl-[protein]";1:cpd00067:0:"H+";1:cpd11493:0:"ACP";1:cpd42860:0:"N(6)-[(9Z)-hexadecenoyl]-L-lysyl-[protein]"	0	(1) cpd42896[0] + (1) cpd41680[0] <=> (1) cpd11493[0] + (1) cpd42860[0] + (1) cpd00067[0]	(1) L-lysyl-[protein][0] + (1) (9Z)-hexadecenoyl-[ACP][0] <=> (1) ACP[0] + (1) N(6)-[(9Z)-hexadecenoyl]-L-lysyl-[protein][0] + (1) H+[0]	=	null	null	null	null	10000000	10000000	cpd00067;cpd11493;cpd41680;cpd42860;cpd42896	CPDFORMERROR	0	null		Primary Database
rxn57028	70655	70655	(1) cpd00183[0] <=> (1) cpd00183[1]	-1:cpd00067:0:"H+";-1:cpd00183:0:"Sarcosine";1:cpd00067:1:"H+";1:cpd00183:1:"Sarcosine"	0	(1) cpd00067[0] + (1) cpd00183[0] <=> (1) cpd00067[1] + (1) cpd00183[1]	(1) H+[0] + (1) Sarcosine[0] <=> (1) H+[1] + (1) Sarcosine[1]	=	null	null	null	null	10000000	10000000	cpd00067;cpd00183	OK	0	null		Primary Database
rxn57029	70659	70659	(1) cpd00756[0] <=> (1) cpd00756[1]	-1:cpd00067:0:"H+";-1:cpd00756:0:"Dimethylglycine";1:cpd00067:1:"H+";1:cpd00756:1:"Dimethylglycine"	0	(1) cpd00756[0] + (1) cpd00067[0] <=> (1) cpd00067[1] + (1) cpd00756[1]	(1) Dimethylglycine[0] + (1) H+[0] <=> (1) H+[1] + (1) Dimethylglycine[1]	=	null	null	null	null	10000000	10000000	cpd00067;cpd00756	OK	0	null		Primary Database
rxn57030	70663	70663	(1) cpd29747[0] <=> (1) cpd29747[1]	-1:cpd00067:0:"H+";-1:cpd29747:0:"4-hydroxy-L-proline";1:cpd00067:1:"H+";1:cpd29747:1:"4-hydroxy-L-proline"	0	(1) cpd00067[0] + (1) cpd29747[0] <=> (1) cpd00067[1] + (1) cpd29747[1]	(1) H+[0] + (1) 4-hydroxy-L-proline[0] <=> (1) H+[1] + (1) 4-hydroxy-L-proline[1]	=	null	null	null	null	10000000	10000000	cpd00067;cpd29747	OK	0	null		Primary Database
rxn57031	70667	70667	(1) cpd27419[0] + (1) cpd42896[0] <=> (1) cpd42861[0] + (1) cpd11493[0]	-1:cpd27419:0:"Long-Chain-Acyl-ACPs";-1:cpd42896:0:"L-lysyl-[protein]";1:cpd00067:0:"H+";1:cpd11493:0:"ACP";1:cpd42861:0:"N(6)-(fatty acyl)-L-lysyl-[protein]"	0	(1) cpd27419[0] + (1) cpd42896[0] <=> (1) cpd42861[0] + (1) cpd11493[0] + (1) cpd00067[0]	(1) Long-Chain-Acyl-ACPs[0] + (1) L-lysyl-[protein][0] <=> (1) N(6)-(fatty acyl)-L-lysyl-[protein][0] + (1) ACP[0] + (1) H+[0]	=	null	null	null	null	10000000	10000000	cpd00067;cpd11493;cpd27419;cpd42861;cpd42896	CPDFORMERROR	0	null		Primary Database
rxn57032	70671	70671	(1) cpd42862[0] + (1) cpd01695[0] <=> (1) cpd00010[0] + (1) cpd42863[0]	-1:cpd01695:0:"Myristoyl-CoA";-1:cpd42862:0:"N-terminal glycyl-L-lysyl-[protein]";1:cpd00010:0:"CoA";1:cpd00067:0:"H+";1:cpd42863:0:"N-terminal glycyl-(N(6)-tetradecanoyl)-L-lysyl-[protein]"	0	(1) cpd42862[0] + (1) cpd01695[0] <=> (1) cpd00067[0] + (1) cpd00010[0] + (1) cpd42863[0]	(1) N-terminal glycyl-L-lysyl-[protein][0] + (1) Myristoyl-CoA[0] <=> (1) H+[0] + (1) CoA[0] + (1) N-terminal glycyl-(N(6)-tetradecanoyl)-L-lysyl-[protein][0]	=	null	null	null	null	10000000	10000000	cpd00010;cpd00067;cpd01695;cpd42862;cpd42863	CPDFORMERROR	0	null		Primary Database
rxn57033	70675	70675	(1) cpd14764[0] + (1) cpd00001[0] <=> (1) cpd39466[0] + (1) cpd08495[0]	-1:cpd00001:0:"H2O";-1:cpd14764:0:"Met-enkephalin-Arg-Phe";1:cpd08495:0:"MET-enkephalin";1:cpd39466:0:"(2S)-2-{[(2S)-5-{[amino(iminio)methyl]amino}-2-azaniumylpentanoyl]amino}-3-phenylpropanoate"	0	(1) cpd14764[0] + (1) cpd00001[0] <=> (1) cpd39466[0] + (1) cpd08495[0]	(1) Met-enkephalin-Arg-Phe[0] + (1) H2O[0] <=> (1) (2S)-2-{[(2S)-5-{[amino(iminio)methyl]amino}-2-azaniumylpentanoyl]amino}-3-phenylpropanoate[0] + (1) MET-enkephalin[0]	=	null	null	null	null	10000000	10000000	cpd00001;cpd08495;cpd14764;cpd39466	CPDFORMERROR	0	null		Primary Database
rxn57034	70683	70683	(1) cpd00017[0] + (1) cpd03318[0] <=> (1) cpd03317[0] + (1) cpd00019[0]	-1:cpd00017:0:"S-Adenosyl-L-methionine";-1:cpd03318:0:"L-Normetanephrine";1:cpd00019:0:"S-Adenosyl-homocysteine";1:cpd00067:0:"H+";1:cpd03317:0:"L-Metanephrine"	0	(1) cpd00017[0] + (1) cpd03318[0] <=> (1) cpd03317[0] + (1) cpd00019[0] + (1) cpd00067[0]	(1) S-Adenosyl-L-methionine[0] + (1) L-Normetanephrine[0] <=> (1) L-Metanephrine[0] + (1) S-Adenosyl-homocysteine[0] + (1) H+[0]	=	null	null	null	null	10000000	10000000	cpd00017;cpd00019;cpd00067;cpd03317;cpd03318	OK	0	null		Primary Database
rxn57035	70687	70687	(2) cpd00971[1] + (1) cpd00099[1] + (1) cpd00281[1] <=> (1) cpd00099[0] + (1) cpd00281[0] + (2) cpd00971[0]	-1:cpd00099:1:"Cl-";-1:cpd00281:1:"GABA";-2:cpd00971:1:"Na+";1:cpd00099:0:"Cl-";1:cpd00281:0:"GABA";2:cpd00971:0:"Na+"	0	(2) cpd00971[1] + (1) cpd00099[1] + (1) cpd00281[1] <=> (1) cpd00099[0] + (1) cpd00281[0] + (2) cpd00971[0]	(2) Na+[1] + (1) Cl-[1] + (1) GABA[1] <=> (1) Cl-[0] + (1) GABA[0] + (2) Na+[0]	=	null	null	null	null	10000000	10000000	cpd00099;cpd00281;cpd00971	OK	0	null		Primary Database
rxn57036	70691	70691	(1) cpd00099[1] + (1) cpd00033[1] + (2) cpd00971[1] <=> (2) cpd00971[0] + (1) cpd00033[0] + (1) cpd00099[0]	-1:cpd00033:1:"Glycine";-1:cpd00099:1:"Cl-";-2:cpd00971:1:"Na+";1:cpd00033:0:"Glycine";1:cpd00099:0:"Cl-";2:cpd00971:0:"Na+"	0	(1) cpd00099[1] + (1) cpd00033[1] + (2) cpd00971[1] <=> (2) cpd00971[0] + (1) cpd00033[0] + (1) cpd00099[0]	(1) Cl-[1] + (1) Glycine[1] + (2) Na+[1] <=> (2) Na+[0] + (1) Glycine[0] + (1) Cl-[0]	=	null	null	null	null	10000000	10000000	cpd00033;cpd00099;cpd00971	OK	0	null		Primary Database
rxn57037	70695	70695	(1) cpd00099[1] + (3) cpd00971[1] + (1) cpd00033[1] <=> (3) cpd00971[0] + (1) cpd00033[0] + (1) cpd00099[0]	-1:cpd00033:1:"Glycine";-1:cpd00099:1:"Cl-";-3:cpd00971:1:"Na+";1:cpd00033:0:"Glycine";1:cpd00099:0:"Cl-";3:cpd00971:0:"Na+"	0	(1) cpd00099[1] + (3) cpd00971[1] + (1) cpd00033[1] <=> (3) cpd00971[0] + (1) cpd00033[0] + (1) cpd00099[0]	(1) Cl-[1] + (3) Na+[1] + (1) Glycine[1] <=> (3) Na+[0] + (1) Glycine[0] + (1) Cl-[0]	=	null	null	null	null	10000000	10000000	cpd00033;cpd00099;cpd00971	OK	0	null		Primary Database
rxn57038	70699	70699	(3) cpd00971[1] + (1) cpd00205[0] + (1) cpd00023[1] <=> (1) cpd00205[1] + (3) cpd00971[0] + (1) cpd00023[0]	-1:cpd00023:1:"L-Glutamate";-1:cpd00067:1:"H+";-1:cpd00205:0:"K+";-3:cpd00971:1:"Na+";1:cpd00023:0:"L-Glutamate";1:cpd00067:0:"H+";1:cpd00205:1:"K+";3:cpd00971:0:"Na+"	0	(3) cpd00971[1] + (1) cpd00205[0] + (1) cpd00067[1] + (1) cpd00023[1] <=> (1) cpd00205[1] + (1) cpd00067[0] + (3) cpd00971[0] + (1) cpd00023[0]	(3) Na+[1] + (1) K+[0] + (1) H+[1] + (1) L-Glutamate[1] <=> (1) K+[1] + (1) H+[0] + (3) Na+[0] + (1) L-Glutamate[0]	=	null	null	null	null	10000000	10000000	cpd00023;cpd00067;cpd00205;cpd00971	OK	0	null		Primary Database
rxn57039	70707	70707	(1) cpd38234[0] <=> (1) cpd39468[0]	-1:cpd38234:0:"6-deoxy-6-sulfonato-beta-D-glucopyranose";1:cpd39468:0:"6-sulfo-D-rhamnose"	0	(1) cpd38234[0] <=> (1) cpd39468[0]	(1) 6-deoxy-6-sulfonato-beta-D-glucopyranose[0] <=> (1) 6-sulfo-D-rhamnose[0]	=	null	null	null	null	10000000	10000000	cpd38234;cpd39468	CPDFORMERROR	0	null		Primary Database
rxn57040	70723	70723	(1) cpd01210[1] <=> (1) cpd01210[0]	-1:cpd01210:1:"Sitosterol";1:cpd01210:0:"Sitosterol"	0	(1) cpd01210[1] <=> (1) cpd01210[0]	(1) Sitosterol[1] <=> (1) Sitosterol[0]	=	null	null	null	null	10000000	10000000	cpd01210	OK	0	null		Primary Database
rxn57041	70731	70731	(1) cpd00099[1] + (1) cpd00281[1] + (3) cpd00971[1] <=> (1) cpd00281[0] + (1) cpd00099[0] + (3) cpd00971[0]	-1:cpd00099:1:"Cl-";-1:cpd00281:1:"GABA";-3:cpd00971:1:"Na+";1:cpd00099:0:"Cl-";1:cpd00281:0:"GABA";3:cpd00971:0:"Na+"	0	(1) cpd00099[1] + (1) cpd00281[1] + (3) cpd00971[1] <=> (1) cpd00281[0] + (1) cpd00099[0] + (3) cpd00971[0]	(1) Cl-[1] + (1) GABA[1] + (3) Na+[1] <=> (1) GABA[0] + (1) Cl-[0] + (3) Na+[0]	=	null	null	null	null	10000000	10000000	cpd00099;cpd00281;cpd00971	OK	0	null		Primary Database
rxn57042	70735	70735	(1) cpd00540[1] + (2) cpd00971[1] + (1) cpd00099[1] <=> (1) cpd00540[0] + (2) cpd00971[0] + (1) cpd00099[0]	-1:cpd00099:1:"Cl-";-1:cpd00540:1:"BET";-2:cpd00971:1:"Na+";1:cpd00099:0:"Cl-";1:cpd00540:0:"BET";2:cpd00971:0:"Na+"	0	(1) cpd00540[1] + (2) cpd00971[1] + (1) cpd00099[1] <=> (1) cpd00540[0] + (2) cpd00971[0] + (1) cpd00099[0]	(1) BET[1] + (2) Na+[1] + (1) Cl-[1] <=> (1) BET[0] + (2) Na+[0] + (1) Cl-[0]	=	null	null	null	null	10000000	10000000	cpd00099;cpd00540;cpd00971	OK	0	null		Primary Database
rxn57043	70739	70739	(1) cpd00017[0] + (1) cpd39195[0] <=> (1) cpd00019[0] + (1) cpd39459[0]	-1:cpd00017:0:"S-Adenosyl-L-methionine";-1:cpd39195:0:"1,2-di-(9Z,12Z-octadecadienoyl)-sn-glycero-3-phosphoethanolamine";1:cpd00019:0:"S-Adenosyl-homocysteine";1:cpd00067:0:"H+";1:cpd39459:0:"1,2-di-(9Z,12Z-octadecadienoyl)-sn-glycero-3-phospho-N-methylethanolamine"	0	(1) cpd00017[0] + (1) cpd39195[0] <=> (1) cpd00067[0] + (1) cpd00019[0] + (1) cpd39459[0]	(1) S-Adenosyl-L-methionine[0] + (1) 1,2-di-(9Z,12Z-octadecadienoyl)-sn-glycero-3-phosphoethanolamine[0] <=> (1) H+[0] + (1) S-Adenosyl-homocysteine[0] + (1) 1,2-di-(9Z,12Z-octadecadienoyl)-sn-glycero-3-phospho-N-methylethanolamine[0]	=	null	null	null	null	10000000	10000000	cpd00017;cpd00019;cpd00067;cpd39195;cpd39459	CPDFORMERROR	0	null		Primary Database
rxn57044	70743	70743	(1) cpd39459[0] + (1) cpd00017[0] <=> (1) cpd00019[0] + (1) cpd39460[0]	-1:cpd00017:0:"S-Adenosyl-L-methionine";-1:cpd39459:0:"1,2-di-(9Z,12Z-octadecadienoyl)-sn-glycero-3-phospho-N-methylethanolamine";1:cpd00019:0:"S-Adenosyl-homocysteine";1:cpd00067:0:"H+";1:cpd39460:0:"1,2-di-(9Z,12Z-octadecadienoyl)-sn-glycero-3-phospho-N,N-dimethylethanolamine"	0	(1) cpd39459[0] + (1) cpd00017[0] <=> (1) cpd00067[0] + (1) cpd00019[0] + (1) cpd39460[0]	(1) 1,2-di-(9Z,12Z-octadecadienoyl)-sn-glycero-3-phospho-N-methylethanolamine[0] + (1) S-Adenosyl-L-methionine[0] <=> (1) H+[0] + (1) S-Adenosyl-homocysteine[0] + (1) 1,2-di-(9Z,12Z-octadecadienoyl)-sn-glycero-3-phospho-N,N-dimethylethanolamine[0]	=	null	null	null	null	10000000	10000000	cpd00017;cpd00019;cpd00067;cpd39459;cpd39460	CPDFORMERROR	0	null		Primary Database
rxn57045	70747	70747	(1) cpd00017[0] + (1) cpd39460[0] <=> (1) cpd00019[0] + (1) cpd39504[0]	-1:cpd00017:0:"S-Adenosyl-L-methionine";-1:cpd39460:0:"1,2-di-(9Z,12Z-octadecadienoyl)-sn-glycero-3-phospho-N,N-dimethylethanolamine";1:cpd00019:0:"S-Adenosyl-homocysteine";1:cpd00067:0:"H+";1:cpd39504:0:"(2R)-2,3-bis[(9Z,12Z)-octadeca-9,12-dienoyloxy]propyl 2-(trimethylammonio)ethyl phosphate"	0	(1) cpd00017[0] + (1) cpd39460[0] <=> (1) cpd00019[0] + (1) cpd39504[0] + (1) cpd00067[0]	(1) S-Adenosyl-L-methionine[0] + (1) 1,2-di-(9Z,12Z-octadecadienoyl)-sn-glycero-3-phospho-N,N-dimethylethanolamine[0] <=> (1) S-Adenosyl-homocysteine[0] + (1) (2R)-2,3-bis[(9Z,12Z)-octadeca-9,12-dienoyloxy]propyl 2-(trimethylammonio)ethyl phosphate[0] + (1) H+[0]	=	null	null	null	null	10000000	10000000	cpd00017;cpd00019;cpd00067;cpd39460;cpd39504	CPDFORMERROR	0	null		Primary Database
rxn57046	70751	70751	(1) cpd39461[0] + (1) cpd00017[0] <=> (1) cpd00019[0] + (1) cpd39462[0]	-1:cpd00017:0:"S-Adenosyl-L-methionine";-1:cpd39461:0:"1,2-di-(9Z,12Z,15Z-octadecatrienoyl)-sn-glycero-3-phosphoethanolamine";1:cpd00019:0:"S-Adenosyl-homocysteine";1:cpd00067:0:"H+";1:cpd39462:0:"1,2-di-(9Z,12Z,15Z-octadecatrienoyl)-sn-glycero-3-phospho-N-methylethanolamine"	0	(1) cpd39461[0] + (1) cpd00017[0] <=> (1) cpd00019[0] + (1) cpd00067[0] + (1) cpd39462[0]	(1) 1,2-di-(9Z,12Z,15Z-octadecatrienoyl)-sn-glycero-3-phosphoethanolamine[0] + (1) S-Adenosyl-L-methionine[0] <=> (1) S-Adenosyl-homocysteine[0] + (1) H+[0] + (1) 1,2-di-(9Z,12Z,15Z-octadecatrienoyl)-sn-glycero-3-phospho-N-methylethanolamine[0]	=	null	null	null	null	10000000	10000000	cpd00017;cpd00019;cpd00067;cpd39461;cpd39462	CPDFORMERROR	0	null		Primary Database
rxn57047	70755	70755	(1) cpd00017[0] + (1) cpd39462[0] <=> (1) cpd39463[0] + (1) cpd00019[0]	-1:cpd00017:0:"S-Adenosyl-L-methionine";-1:cpd39462:0:"1,2-di-(9Z,12Z,15Z-octadecatrienoyl)-sn-glycero-3-phospho-N-methylethanolamine";1:cpd00019:0:"S-Adenosyl-homocysteine";1:cpd00067:0:"H+";1:cpd39463:0:"1,2-di-(9Z,12Z,15Z-octadecatrienoyl)-sn-glycero-3-phospho-N,N-dimethylethanolamine"	0	(1) cpd00017[0] + (1) cpd39462[0] <=> (1) cpd00067[0] + (1) cpd39463[0] + (1) cpd00019[0]	(1) S-Adenosyl-L-methionine[0] + (1) 1,2-di-(9Z,12Z,15Z-octadecatrienoyl)-sn-glycero-3-phospho-N-methylethanolamine[0] <=> (1) H+[0] + (1) 1,2-di-(9Z,12Z,15Z-octadecatrienoyl)-sn-glycero-3-phospho-N,N-dimethylethanolamine[0] + (1) S-Adenosyl-homocysteine[0]	=	null	null	null	null	10000000	10000000	cpd00017;cpd00019;cpd00067;cpd39462;cpd39463	CPDFORMERROR	0	null		Primary Database
rxn57048	70759	70759	(1) cpd00017[0] + (1) cpd39463[0] <=> (1) cpd00019[0] + (1) cpd41085[0]	-1:cpd00017:0:"S-Adenosyl-L-methionine";-1:cpd39463:0:"1,2-di-(9Z,12Z,15Z-octadecatrienoyl)-sn-glycero-3-phospho-N,N-dimethylethanolamine";1:cpd00019:0:"S-Adenosyl-homocysteine";1:cpd00067:0:"H+";1:cpd41085:0:"(2R)-2,3-bis{[(9Z,12Z,15Z)-octadeca-9,12,15-trienoyl]oxy}propyl 2-(trimethylazaniumyl)ethyl phosphate"	0	(1) cpd00017[0] + (1) cpd39463[0] <=> (1) cpd00067[0] + (1) cpd00019[0] + (1) cpd41085[0]	(1) S-Adenosyl-L-methionine[0] + (1) 1,2-di-(9Z,12Z,15Z-octadecatrienoyl)-sn-glycero-3-phospho-N,N-dimethylethanolamine[0] <=> (1) H+[0] + (1) S-Adenosyl-homocysteine[0] + (1) (2R)-2,3-bis{[(9Z,12Z,15Z)-octadeca-9,12,15-trienoyl]oxy}propyl 2-(trimethylazaniumyl)ethyl phosphate[0]	=	null	null	null	null	10000000	10000000	cpd00017;cpd00019;cpd00067;cpd39463;cpd41085	CPDFORMERROR	0	null		Primary Database
rxn57049	70763	70763	(1) cpd00017[0] + (1) cpd40603[0] <=> (1) cpd00019[0] + (1) cpd39464[0]	-1:cpd00017:0:"S-Adenosyl-L-methionine";-1:cpd40603:0:"1-hexadecanoyl-2-(4Z,7Z,10Z,13Z,16Z,19Z-docosahexaenoyl)-sn-glycero-3-phosphoethanolamine";1:cpd00019:0:"S-Adenosyl-homocysteine";1:cpd00067:0:"H+";1:cpd39464:0:"1-hexadecanoyl-2-(4Z,7Z,10Z,13Z,16Z,19Z-docosahexaenoyl)-sn-glycero-3-phospho-N-methylethanolamine"	0	(1) cpd00017[0] + (1) cpd40603[0] <=> (1) cpd00019[0] + (1) cpd00067[0] + (1) cpd39464[0]	(1) S-Adenosyl-L-methionine[0] + (1) 1-hexadecanoyl-2-(4Z,7Z,10Z,13Z,16Z,19Z-docosahexaenoyl)-sn-glycero-3-phosphoethanolamine[0] <=> (1) S-Adenosyl-homocysteine[0] + (1) H+[0] + (1) 1-hexadecanoyl-2-(4Z,7Z,10Z,13Z,16Z,19Z-docosahexaenoyl)-sn-glycero-3-phospho-N-methylethanolamine[0]	=	null	null	null	null	10000000	10000000	cpd00017;cpd00019;cpd00067;cpd39464;cpd40603	CPDFORMERROR	0	null		Primary Database
rxn57050	70767	70767	(1) cpd00017[0] + (1) cpd39464[0] <=> (1) cpd00019[0] + (1) cpd39465[0]	-1:cpd00017:0:"S-Adenosyl-L-methionine";-1:cpd39464:0:"1-hexadecanoyl-2-(4Z,7Z,10Z,13Z,16Z,19Z-docosahexaenoyl)-sn-glycero-3-phospho-N-methylethanolamine";1:cpd00019:0:"S-Adenosyl-homocysteine";1:cpd00067:0:"H+";1:cpd39465:0:"1-hexadecanoyl-2-(4Z,7Z,10Z,13Z,16Z,19Z-docosahexaenoyl)-sn-glycero-3-phospho-N,N-dimethylethanolamine"	0	(1) cpd00017[0] + (1) cpd39464[0] <=> (1) cpd00019[0] + (1) cpd00067[0] + (1) cpd39465[0]	(1) S-Adenosyl-L-methionine[0] + (1) 1-hexadecanoyl-2-(4Z,7Z,10Z,13Z,16Z,19Z-docosahexaenoyl)-sn-glycero-3-phospho-N-methylethanolamine[0] <=> (1) S-Adenosyl-homocysteine[0] + (1) H+[0] + (1) 1-hexadecanoyl-2-(4Z,7Z,10Z,13Z,16Z,19Z-docosahexaenoyl)-sn-glycero-3-phospho-N,N-dimethylethanolamine[0]	=	null	null	null	null	10000000	10000000	cpd00017;cpd00019;cpd00067;cpd39464;cpd39465	CPDFORMERROR	0	null		Primary Database
rxn57051	70771	70771	(1) cpd00017[0] + (1) cpd39465[0] <=> (1) cpd40102[0] + (1) cpd00019[0]	-1:cpd00017:0:"S-Adenosyl-L-methionine";-1:cpd39465:0:"1-hexadecanoyl-2-(4Z,7Z,10Z,13Z,16Z,19Z-docosahexaenoyl)-sn-glycero-3-phospho-N,N-dimethylethanolamine";1:cpd00019:0:"S-Adenosyl-homocysteine";1:cpd00067:0:"H+";1:cpd40102:0:"(2R)-2-[(4Z,7Z,10Z,13Z,16Z,19Z)-docosa-4,7,10,13,16,19-hexaenoyloxy]-3-(palmitoyloxy)propyl 2-(trimethylazaniumyl)ethyl phosphate"	0	(1) cpd00017[0] + (1) cpd39465[0] <=> (1) cpd40102[0] + (1) cpd00019[0] + (1) cpd00067[0]	(1) S-Adenosyl-L-methionine[0] + (1) 1-hexadecanoyl-2-(4Z,7Z,10Z,13Z,16Z,19Z-docosahexaenoyl)-sn-glycero-3-phospho-N,N-dimethylethanolamine[0] <=> (1) (2R)-2-[(4Z,7Z,10Z,13Z,16Z,19Z)-docosa-4,7,10,13,16,19-hexaenoyloxy]-3-(palmitoyloxy)propyl 2-(trimethylazaniumyl)ethyl phosphate[0] + (1) S-Adenosyl-homocysteine[0] + (1) H+[0]	=	null	null	null	null	10000000	10000000	cpd00017;cpd00019;cpd00067;cpd39465;cpd40102	CPDFORMERROR	0	null		Primary Database
rxn57052	70775	70775	(1) cpd22614[0] + (1) cpd00007[0] + (1) cpd01270[0] <=> (1) cpd39467[0] + (1) cpd00001[0] + (1) cpd00081[0] + (1) cpd00050[0]	-1:cpd00007:0:"O2";-1:cpd01270:0:"FMNH2";-1:cpd22614:0:"sulfoquinovose";1:cpd00001:0:"H2O";1:cpd00050:0:"FMN";2:cpd00067:0:"H+";1:cpd00081:0:"Sulfite";1:cpd39467:0:"6-dehydro-D-glucose"	0	(1) cpd22614[0] + (1) cpd00007[0] + (1) cpd01270[0] <=> (2) cpd00067[0] + (1) cpd39467[0] + (1) cpd00001[0] + (1) cpd00081[0] + (1) cpd00050[0]	(1) sulfoquinovose[0] + (1) O2[0] + (1) FMNH2[0] <=> (2) H+[0] + (1) 6-dehydro-D-glucose[0] + (1) H2O[0] + (1) Sulfite[0] + (1) FMN[0]	=	null	null	null	null	10000000	10000000	cpd00001;cpd00007;cpd00050;cpd00067;cpd00081;cpd01270;cpd22614;cpd39467	CPDFORMERROR	0	null		Primary Database
rxn57053	70779	70779	(1) cpd00006[0] + (1) cpd00027[0] <=> (1) cpd39467[0] + (1) cpd00005[0]	-1:cpd00006:0:"NADP";-1:cpd00027:0:"D-Glucose";1:cpd00005:0:"NADPH";1:cpd00067:0:"H+";1:cpd39467:0:"6-dehydro-D-glucose"	0	(1) cpd00006[0] + (1) cpd00027[0] <=> (1) cpd39467[0] + (1) cpd00005[0] + (1) cpd00067[0]	(1) NADP[0] + (1) D-Glucose[0] <=> (1) 6-dehydro-D-glucose[0] + (1) NADPH[0] + (1) H+[0]	=	null	null	null	null	10000000	10000000	cpd00005;cpd00006;cpd00027;cpd00067;cpd39467	CPDFORMERROR	0	null		Primary Database
rxn57054	70783	70783	(1) cpd00023[1] + (1) cpd00041[0] <=> (1) cpd00023[0] + (1) cpd00041[1]	-1:cpd00023:1:"L-Glutamate";-1:cpd00041:0:"L-Aspartate";-1:cpd00067:1:"H+";1:cpd00023:0:"L-Glutamate";1:cpd00041:1:"L-Aspartate";1:cpd00067:0:"H+"	0	(1) cpd00023[1] + (1) cpd00067[1] + (1) cpd00041[0] <=> (1) cpd00023[0] + (1) cpd00067[0] + (1) cpd00041[1]	(1) L-Glutamate[1] + (1) H+[1] + (1) L-Aspartate[0] <=> (1) L-Glutamate[0] + (1) H+[0] + (1) L-Aspartate[1]	=	null	null	null	null	10000000	10000000	cpd00023;cpd00041;cpd00067	OK	0	null		Primary Database
rxn57055	70787	70787	(1) cpd00064[1] + (1) cpd00274[0] <=> (1) cpd00274[1] + (1) cpd00064[0]	-1:cpd00064:1:"Ornithine";-1:cpd00067:0:"H+";-1:cpd00274:0:"Citrulline";1:cpd00064:0:"Ornithine";1:cpd00067:1:"H+";1:cpd00274:1:"Citrulline"	0	(1) cpd00064[1] + (1) cpd00274[0] + (1) cpd00067[0] <=> (1) cpd00067[1] + (1) cpd00274[1] + (1) cpd00064[0]	(1) Ornithine[1] + (1) Citrulline[0] + (1) H+[0] <=> (1) H+[1] + (1) Citrulline[1] + (1) Ornithine[0]	=	null	null	null	null	10000000	10000000	cpd00064;cpd00067;cpd00274	OK	0	null		Primary Database
rxn57056	70799	70799	(1) cpd00064[1] + (1) cpd00039[0] <=> (1) cpd00064[0] + (1) cpd00039[1]	-1:cpd00039:0:"L-Lysine";-1:cpd00064:1:"Ornithine";1:cpd00039:1:"L-Lysine";1:cpd00064:0:"Ornithine"	0	(1) cpd00064[1] + (1) cpd00039[0] <=> (1) cpd00064[0] + (1) cpd00039[1]	(1) Ornithine[1] + (1) L-Lysine[0] <=> (1) Ornithine[0] + (1) L-Lysine[1]	=	null	null	null	null	10000000	10000000	cpd00039;cpd00064	OK	0	null		Primary Database
rxn57057	70815	70815	(1) cpd00119[0] + (1) cpd00064[1] <=> (1) cpd00119[1] + (1) cpd00064[0]	-1:cpd00064:1:"Ornithine";-1:cpd00067:0:"H+";-1:cpd00119:0:"L-Histidine";1:cpd00064:0:"Ornithine";1:cpd00067:1:"H+";1:cpd00119:1:"L-Histidine"	0	(1) cpd00119[0] + (1) cpd00064[1] + (1) cpd00067[0] <=> (1) cpd00119[1] + (1) cpd00064[0] + (1) cpd00067[1]	(1) L-Histidine[0] + (1) Ornithine[1] + (1) H+[0] <=> (1) L-Histidine[1] + (1) Ornithine[0] + (1) H+[1]	=	null	null	null	null	10000000	10000000	cpd00064;cpd00067;cpd00119	OK	0	null		Primary Database
rxn57058	70819	70819	(1) cpd00064[1] + (1) cpd01319[0] <=> (1) cpd01319[1] + (1) cpd00064[0]	-1:cpd00064:1:"Ornithine";-1:cpd01319:0:"Homoarginine";1:cpd00064:0:"Ornithine";1:cpd01319:1:"Homoarginine"	0	(1) cpd00064[1] + (1) cpd01319[0] <=> (1) cpd01319[1] + (1) cpd00064[0]	(1) Ornithine[1] + (1) Homoarginine[0] <=> (1) Homoarginine[1] + (1) Ornithine[0]	=	null	null	null	null	10000000	10000000	cpd00064;cpd01319	OK	0	null		Primary Database
rxn57059	70827	70827	(1) cpd00039[1] + (1) cpd00051[0] <=> (1) cpd00051[1] + (1) cpd00039[0]	-1:cpd00039:1:"L-Lysine";-1:cpd00051:0:"L-Arginine";1:cpd00039:0:"L-Lysine";1:cpd00051:1:"L-Arginine"	0	(1) cpd00039[1] + (1) cpd00051[0] <=> (1) cpd00051[1] + (1) cpd00039[0]	(1) L-Lysine[1] + (1) L-Arginine[0] <=> (1) L-Arginine[1] + (1) L-Lysine[0]	=	null	null	null	null	10000000	10000000	cpd00039;cpd00051	OK	0	null		Primary Database
rxn57060	70831	70831	(1) cpd00107[1] + (1) cpd00051[0] + (1) cpd00971[1] <=> (1) cpd00051[1] + (1) cpd00107[0] + (1) cpd00971[0]	-1:cpd00051:0:"L-Arginine";-1:cpd00107:1:"L-Leucine";-1:cpd00971:1:"Na+";1:cpd00051:1:"L-Arginine";1:cpd00107:0:"L-Leucine";1:cpd00971:0:"Na+"	0	(1) cpd00107[1] + (1) cpd00051[0] + (1) cpd00971[1] <=> (1) cpd00051[1] + (1) cpd00107[0] + (1) cpd00971[0]	(1) L-Leucine[1] + (1) L-Arginine[0] + (1) Na+[1] <=> (1) L-Arginine[1] + (1) L-Leucine[0] + (1) Na+[0]	=	null	null	null	null	10000000	10000000	cpd00051;cpd00107;cpd00971	OK	0	null		Primary Database
rxn57061	70835	70835	(1) cpd00971[1] + (1) cpd00051[0] + (1) cpd00053[1] <=> (1) cpd00051[1] + (1) cpd00053[0] + (1) cpd00971[0]	-1:cpd00051:0:"L-Arginine";-1:cpd00053:1:"L-Glutamine";-1:cpd00971:1:"Na+";1:cpd00051:1:"L-Arginine";1:cpd00053:0:"L-Glutamine";1:cpd00971:0:"Na+"	0	(1) cpd00971[1] + (1) cpd00051[0] + (1) cpd00053[1] <=> (1) cpd00051[1] + (1) cpd00053[0] + (1) cpd00971[0]	(1) Na+[1] + (1) L-Arginine[0] + (1) L-Glutamine[1] <=> (1) L-Arginine[1] + (1) L-Glutamine[0] + (1) Na+[0]	=	null	null	null	null	10000000	10000000	cpd00051;cpd00053;cpd00971	OK	0	null		Primary Database
rxn57062	70839	70839	(1) cpd00119[1] + (1) cpd00051[0] + (1) cpd00971[1] <=> (1) cpd00119[0] + (1) cpd00051[1] + (1) cpd00971[0]	-1:cpd00051:0:"L-Arginine";-1:cpd00119:1:"L-Histidine";-1:cpd00971:1:"Na+";1:cpd00051:1:"L-Arginine";1:cpd00119:0:"L-Histidine";1:cpd00971:0:"Na+"	0	(1) cpd00119[1] + (1) cpd00051[0] + (1) cpd00971[1] <=> (1) cpd00119[0] + (1) cpd00051[1] + (1) cpd00971[0]	(1) L-Histidine[1] + (1) L-Arginine[0] + (1) Na+[1] <=> (1) L-Histidine[0] + (1) L-Arginine[1] + (1) Na+[0]	=	null	null	null	null	10000000	10000000	cpd00051;cpd00119;cpd00971	OK	0	null		Primary Database
rxn57063	70843	70843	(1) cpd00060[1] + (1) cpd00971[1] + (1) cpd00051[0] <=> (1) cpd00971[0] + (1) cpd00051[1] + (1) cpd00060[0]	-1:cpd00051:0:"L-Arginine";-1:cpd00060:1:"L-Methionine";-1:cpd00971:1:"Na+";1:cpd00051:1:"L-Arginine";1:cpd00060:0:"L-Methionine";1:cpd00971:0:"Na+"	0	(1) cpd00060[1] + (1) cpd00971[1] + (1) cpd00051[0] <=> (1) cpd00971[0] + (1) cpd00051[1] + (1) cpd00060[0]	(1) L-Methionine[1] + (1) Na+[1] + (1) L-Arginine[0] <=> (1) Na+[0] + (1) L-Arginine[1] + (1) L-Methionine[0]	=	null	null	null	null	10000000	10000000	cpd00051;cpd00060;cpd00971	OK	0	null		Primary Database
rxn57064	70847	70847	(1) cpd00084[1] + (1) cpd00971[1] + (1) cpd00051[0] <=> (1) cpd00051[1] + (1) cpd00084[0] + (1) cpd00971[0]	-1:cpd00051:0:"L-Arginine";-1:cpd00084:1:"L-Cysteine";-1:cpd00971:1:"Na+";1:cpd00051:1:"L-Arginine";1:cpd00084:0:"L-Cysteine";1:cpd00971:0:"Na+"	0	(1) cpd00084[1] + (1) cpd00971[1] + (1) cpd00051[0] <=> (1) cpd00051[1] + (1) cpd00084[0] + (1) cpd00971[0]	(1) L-Cysteine[1] + (1) Na+[1] + (1) L-Arginine[0] <=> (1) L-Arginine[1] + (1) L-Cysteine[0] + (1) Na+[0]	=	null	null	null	null	10000000	10000000	cpd00051;cpd00084;cpd00971	OK	0	null		Primary Database
